date,sku,sales_qty,stock_qty
2025-01-01,SKU-001,61,1139
2025-01-02,SKU-001,92,1047
2025-01-03,SKU-001,78,969
2025-01-04,SKU-001,85,884
2025-01-05,SKU-001,89,795
2025-01-06,SKU-001,85,710
2025-01-07,SKU-001,86,624
2025-01-08,SKU-001,92,532
2025-01-09,SKU-001,93,439
2025-01-10,SKU-001,91,933
2025-01-11,SKU-001,95,838
2025-01-12,SKU-001,92,746
2025-01-13,SKU-001,85,661
2025-01-14,SKU-001,64,597
2025-01-15,SKU-001,62,535
2025-01-16,SKU-001,67,468
2025-01-17,SKU-001,60,408
2025-01-18,SKU-001,76,719
2025-01-19,SKU-001,65,654
2025-01-20,SKU-001,40,614
2025-01-21,SKU-001,50,564
2025-01-22,SKU-001,58,506
2025-01-23,SKU-001,73,433
2025-01-24,SKU-001,56,377
2025-01-25,SKU-001,64,533
2025-01-26,SKU-001,61,472
2025-01-27,SKU-001,55,417
2025-01-28,SKU-001,60,357
2025-01-29,SKU-001,65,756
2025-01-30,SKU-001,74,682
2025-01-31,SKU-001,79,603
2025-02-01,SKU-001,78,525
2025-02-02,SKU-001,100,425
2025-02-03,SKU-001,87,572
2025-02-04,SKU-001,85,487
2025-02-05,SKU-001,93,394
2025-02-06,SKU-001,81,902
2025-02-07,SKU-001,101,801
2025-02-08,SKU-001,105,696
2025-02-09,SKU-001,90,606
2025-02-10,SKU-001,72,534
2025-02-11,SKU-001,79,455
2025-02-12,SKU-001,86,369
2025-02-13,SKU-001,84,755
2025-02-14,SKU-001,76,679
2025-02-15,SKU-001,81,598
2025-02-16,SKU-001,67,531
2025-02-17,SKU-001,59,472
2025-02-18,SKU-001,58,414
2025-02-19,SKU-001,67,798
2025-02-20,SKU-001,44,754
2025-02-21,SKU-001,60,694
2025-02-22,SKU-001,57,637
2025-02-23,SKU-001,60,577
2025-02-24,SKU-001,54,523
2025-02-25,SKU-001,54,469
2025-02-26,SKU-001,47,422
2025-02-27,SKU-001,56,366
2025-02-28,SKU-001,73,871
2025-03-01,SKU-001,85,786
2025-03-02,SKU-001,82,704
2025-03-03,SKU-001,73,631
2025-03-04,SKU-001,70,561
2025-03-05,SKU-001,94,467
2025-03-06,SKU-001,87,380
2025-03-07,SKU-001,88,707
2025-03-08,SKU-001,110,597
2025-03-09,SKU-001,117,480
2025-03-10,SKU-001,97,383
2025-03-11,SKU-001,79,730
2025-03-12,SKU-001,94,636
2025-03-13,SKU-001,84,552
2025-03-14,SKU-001,89,463
2025-03-15,SKU-001,105,358
2025-03-16,SKU-001,88,862
2025-03-17,SKU-001,87,775
2025-03-18,SKU-001,66,709
2025-03-19,SKU-001,69,640
2025-03-20,SKU-001,52,588
2025-03-21,SKU-001,58,530
2025-03-22,SKU-001,67,463
2025-03-23,SKU-001,74,389
2025-03-24,SKU-001,70,749
2025-03-25,SKU-001,60,689
2025-03-26,SKU-001,68,621
2025-03-27,SKU-001,54,567
2025-03-28,SKU-001,54,513
2025-03-29,SKU-001,69,444
2025-03-30,SKU-001,84,360
2025-03-31,SKU-001,74,513
2025-04-01,SKU-001,72,441
2025-04-02,SKU-001,68,373
2025-04-03,SKU-001,81,839
2025-04-04,SKU-001,93,746
2025-04-05,SKU-001,106,640
2025-04-06,SKU-001,100,540
2025-04-07,SKU-001,101,439
2025-04-08,SKU-001,85,674
2025-04-09,SKU-001,97,577
2025-04-10,SKU-001,96,481
2025-04-11,SKU-001,93,388
2025-04-12,SKU-001,98,626
2025-04-13,SKU-001,113,513
2025-04-14,SKU-001,83,430
2025-04-15,SKU-001,73,357
2025-04-16,SKU-001,69,802
2025-04-17,SKU-001,74,728
2025-04-18,SKU-001,52,676
2025-04-19,SKU-001,67,609
2025-04-20,SKU-001,83,526
2025-04-21,SKU-001,59,467
2025-04-22,SKU-001,44,423
2025-04-23,SKU-001,48,375
2025-04-24,SKU-001,49,606
2025-04-25,SKU-001,54,552
2025-04-26,SKU-001,69,483
2025-04-27,SKU-001,82,401
2025-04-28,SKU-001,53,673
2025-04-29,SKU-001,68,605
2025-04-30,SKU-001,63,542
2025-05-01,SKU-001,86,456
2025-05-02,SKU-001,87,369
2025-05-03,SKU-001,101,747
2025-05-04,SKU-001,91,656
2025-05-05,SKU-001,94,562
2025-05-06,SKU-001,94,468
2025-05-07,SKU-001,105,363
2025-05-08,SKU-001,93,613
2025-05-09,SKU-001,93,520
2025-05-10,SKU-001,113,407
2025-05-11,SKU-001,118,834
2025-05-12,SKU-001,99,735
2025-05-13,SKU-001,76,659
2025-05-14,SKU-001,86,573
2025-05-15,SKU-001,73,500
2025-05-16,SKU-001,81,419
2025-05-17,SKU-001,76,880
2025-05-18,SKU-001,92,788
2025-05-19,SKU-001,70,718
2025-05-20,SKU-001,70,648
2025-05-21,SKU-001,54,594
2025-05-22,SKU-001,64,530
2025-05-23,SKU-001,73,457
2025-05-24,SKU-001,71,386
2025-05-25,SKU-001,64,633
2025-05-26,SKU-001,57,576
2025-05-27,SKU-001,74,502
2025-05-28,SKU-001,87,415
2025-05-29,SKU-001,67,687
2025-05-30,SKU-001,72,615
2025-05-31,SKU-001,96,519
2025-06-01,SKU-001,93,426
2025-06-02,SKU-001,81,691
2025-06-03,SKU-001,83,608
2025-06-04,SKU-001,97,511
2025-06-05,SKU-001,98,413
2025-06-06,SKU-001,99,629
2025-06-07,SKU-001,111,518
2025-06-08,SKU-001,110,408
2025-06-09,SKU-001,104,730
2025-06-10,SKU-001,100,630
2025-06-11,SKU-001,92,538
2025-06-12,SKU-001,89,449
2025-06-13,SKU-001,71,378
2025-06-14,SKU-001,94,644
2025-06-15,SKU-001,89,555
2025-06-16,SKU-001,75,480
2025-06-17,SKU-001,68,412
2025-06-18,SKU-001,64,939
2025-06-19,SKU-001,55,884
2025-06-20,SKU-001,65,819
2025-06-21,SKU-001,78,741
2025-06-22,SKU-001,63,678
2025-06-23,SKU-001,61,617
2025-06-24,SKU-001,49,568
2025-06-25,SKU-001,56,512
2025-06-26,SKU-001,72,440
2025-06-27,SKU-001,66,374
2025-06-28,SKU-001,91,768
2025-06-29,SKU-001,90,678
2025-06-30,SKU-001,90,588
2025-07-01,SKU-001,93,495
2025-07-02,SKU-001,84,411
2025-07-03,SKU-001,95,819
2025-07-04,SKU-001,86,733
2025-07-05,SKU-001,110,623
2025-07-06,SKU-001,107,516
2025-07-07,SKU-001,105,411
2025-07-08,SKU-001,103,606
2025-07-09,SKU-001,98,508
2025-07-10,SKU-001,89,419
2025-07-11,SKU-001,90,689
2025-07-12,SKU-001,94,595
2025-07-13,SKU-001,94,501
2025-07-14,SKU-001,90,411
2025-07-15,SKU-001,81,587
2025-07-16,SKU-001,81,506
2025-07-17,SKU-001,64,442
2025-07-18,SKU-001,58,384
2025-07-19,SKU-001,70,899
2025-07-20,SKU-001,80,819
2025-07-21,SKU-001,58,761
2025-07-22,SKU-001,64,697
2025-07-23,SKU-001,55,642
2025-07-24,SKU-001,47,595
2025-07-25,SKU-001,67,528
2025-07-26,SKU-001,64,464
2025-07-27,SKU-001,75,389
2025-07-28,SKU-001,67,912
2025-07-29,SKU-001,78,834
2025-07-30,SKU-001,92,742
2025-07-31,SKU-001,85,657
2025-08-01,SKU-001,100,557
2025-08-02,SKU-001,110,447
2025-08-03,SKU-001,107,682
2025-08-04,SKU-001,99,583
2025-08-05,SKU-001,94,489
2025-08-06,SKU-001,99,390
2025-08-07,SKU-001,97,645
2025-08-08,SKU-001,101,544
2025-08-09,SKU-001,109,435
2025-08-10,SKU-001,107,832
2025-08-11,SKU-001,86,746
2025-08-12,SKU-001,87,659
2025-08-13,SKU-001,98,561
2025-08-14,SKU-001,83,478
2025-08-15,SKU-001,82,396
2025-08-16,SKU-001,73,718
2025-08-17,SKU-001,77,641
2025-08-18,SKU-001,71,570
2025-08-19,SKU-001,78,492
2025-08-20,SKU-001,57,435
2025-08-21,SKU-001,61,374
2025-08-22,SKU-001,58,790
2025-08-23,SKU-001,67,723
2025-08-24,SKU-001,74,649
2025-08-25,SKU-001,71,578
2025-08-26,SKU-001,77,501
2025-08-27,SKU-001,64,437
2025-08-28,SKU-001,75,362
2025-08-29,SKU-001,78,609
2025-08-30,SKU-001,91,518
2025-08-31,SKU-001,102,416
2025-09-01,SKU-001,98,706
2025-09-02,SKU-001,100,606
2025-09-03,SKU-001,113,493
2025-09-04,SKU-001,91,402
2025-09-05,SKU-001,117,560
2025-09-06,SKU-001,103,457
2025-09-07,SKU-001,113,629
2025-09-08,SKU-001,103,526
2025-09-09,SKU-001,103,423
2025-09-10,SKU-001,87,876
2025-09-11,SKU-001,90,786
2025-09-12,SKU-001,77,709
2025-09-13,SKU-001,92,617
2025-09-14,SKU-001,73,544
2025-09-15,SKU-001,65,479
2025-09-16,SKU-001,84,395
2025-09-17,SKU-001,79,805
2025-09-18,SKU-001,66,739
2025-09-19,SKU-001,71,668
2025-09-20,SKU-001,89,579
2025-09-21,SKU-001,77,502
2025-09-22,SKU-001,69,433
2025-09-23,SKU-001,68,365
2025-09-24,SKU-001,78,882
2025-09-25,SKU-001,76,806
2025-09-26,SKU-001,88,718
2025-09-27,SKU-001,80,638
2025-09-28,SKU-001,111,527
2025-09-29,SKU-001,72,455
2025-09-30,SKU-001,90,365
2025-10-01,SKU-001,100,632
2025-10-02,SKU-001,94,538
2025-10-03,SKU-001,102,436
2025-10-04,SKU-001,120,605
2025-10-05,SKU-001,110,495
2025-10-06,SKU-001,94,401
2025-10-07,SKU-001,96,895
2025-10-08,SKU-001,104,791
2025-10-09,SKU-001,93,698
2025-10-10,SKU-001,103,595
2025-10-11,SKU-001,105,490
2025-10-12,SKU-001,105,385
2025-10-13,SKU-001,89,744
2025-10-14,SKU-001,62,682
2025-10-15,SKU-001,87,595
2025-10-16,SKU-001,88,507
2025-10-17,SKU-001,83,424
2025-10-18,SKU-001,73,646
2025-10-19,SKU-001,79,567
2025-10-20,SKU-001,69,498
2025-10-21,SKU-001,63,435
2025-10-22,SKU-001,64,371
2025-10-23,SKU-001,77,506
2025-10-24,SKU-001,63,443
2025-10-25,SKU-001,90,838
2025-10-26,SKU-001,87,751
2025-10-27,SKU-001,88,663
2025-10-28,SKU-001,81,582
2025-10-29,SKU-001,97,485
2025-10-30,SKU-001,91,394
2025-10-31,SKU-001,103,886
2025-11-01,SKU-001,113,773
2025-11-02,SKU-001,111,662
2025-11-03,SKU-001,102,560
2025-11-04,SKU-001,121,439
2025-11-05,SKU-001,98,609
2025-11-06,SKU-001,104,505
2025-11-07,SKU-001,94,411
2025-11-08,SKU-001,100,889
2025-11-09,SKU-001,104,785
2025-11-10,SKU-001,96,689
2025-11-11,SKU-001,92,597
2025-11-12,SKU-001,99,498
2025-11-13,SKU-001,89,409
2025-11-14,SKU-001,82,779
2025-11-15,SKU-001,82,697
2025-11-16,SKU-001,91,606
2025-11-17,SKU-001,65,541
2025-11-18,SKU-001,56,485
2025-11-19,SKU-001,54,431
2025-11-20,SKU-001,67,364
2025-11-21,SKU-001,76,829
2025-11-22,SKU-001,81,748
2025-11-23,SKU-001,76,672
2025-11-24,SKU-001,73,599
2025-11-25,SKU-001,81,518
2025-11-26,SKU-001,94,424
2025-11-27,SKU-001,93,569
2025-11-28,SKU-001,89,480
2025-11-29,SKU-001,92,388
2025-11-30,SKU-001,105,724
2025-12-01,SKU-001,96,628
2025-12-02,SKU-001,103,525
2025-12-03,SKU-001,115,410
2025-12-04,SKU-001,112,845
2025-12-05,SKU-001,105,740
2025-12-06,SKU-001,119,621
2025-12-07,SKU-001,119,502
2025-12-08,SKU-001,98,404
2025-12-09,SKU-001,100,732
2025-12-10,SKU-001,95,637
2025-12-11,SKU-001,98,539
2025-12-12,SKU-001,79,460
2025-12-13,SKU-001,87,373
2025-12-14,SKU-001,81,492
2025-12-15,SKU-001,85,407
2025-12-16,SKU-001,87,663
2025-12-17,SKU-001,73,590
2025-12-18,SKU-001,70,520
2025-12-19,SKU-001,61,459
2025-12-20,SKU-001,76,383
2025-12-21,SKU-001,71,675
2025-12-22,SKU-001,67,608
2025-12-23,SKU-001,56,552
2025-12-24,SKU-001,72,480
2025-12-25,SKU-001,74,406
2025-12-26,SKU-001,85,561
2025-12-27,SKU-001,95,466
2025-12-28,SKU-001,89,377
2025-12-29,SKU-001,110,706
2025-12-30,SKU-001,88,618
2025-12-31,SKU-001,108,510
2025-01-01,SKU-002,97,653
2025-01-02,SKU-002,99,554
2025-01-03,SKU-002,90,464
2025-01-04,SKU-002,94,911
2025-01-05,SKU-002,123,788
2025-01-06,SKU-002,107,681
2025-01-07,SKU-002,116,565
2025-01-08,SKU-002,109,456
2025-01-09,SKU-002,103,749
2025-01-10,SKU-002,118,631
2025-01-11,SKU-002,117,514
2025-01-12,SKU-002,109,970
2025-01-13,SKU-002,85,885
2025-01-14,SKU-002,87,798
2025-01-15,SKU-002,82,716
2025-01-16,SKU-002,87,629
2025-01-17,SKU-002,78,551
2025-01-18,SKU-002,58,493
2025-01-19,SKU-002,79,872
2025-01-20,SKU-002,77,795
2025-01-21,SKU-002,66,729
2025-01-22,SKU-002,80,649
2025-01-23,SKU-002,76,573
2025-01-24,SKU-002,60,513
2025-01-25,SKU-002,81,432
2025-01-26,SKU-002,80,617
2025-01-27,SKU-002,79,538
2025-01-28,SKU-002,73,465
2025-01-29,SKU-002,76,894
2025-01-30,SKU-002,66,828
2025-01-31,SKU-002,96,732
2025-02-01,SKU-002,106,626
2025-02-02,SKU-002,103,523
2025-02-03,SKU-002,99,958
2025-02-04,SKU-002,84,874
2025-02-05,SKU-002,117,757
2025-02-06,SKU-002,95,662
2025-02-07,SKU-002,93,569
2025-02-08,SKU-002,116,453
2025-02-09,SKU-002,119,586
2025-02-10,SKU-002,104,482
2025-02-11,SKU-002,92,632
2025-02-12,SKU-002,93,539
2025-02-13,SKU-002,93,446
2025-02-14,SKU-002,88,806
2025-02-15,SKU-002,113,693
2025-02-16,SKU-002,81,612
2025-02-17,SKU-002,88,524
2025-02-18,SKU-002,65,459
2025-02-19,SKU-002,72,867
2025-02-20,SKU-002,57,810
2025-02-21,SKU-002,62,748
2025-02-22,SKU-002,79,669
2025-02-23,SKU-002,64,605
2025-02-24,SKU-002,67,538
2025-02-25,SKU-002,60,478
2025-02-26,SKU-002,61,933
2025-02-27,SKU-002,71,862
2025-02-28,SKU-002,71,791
2025-03-01,SKU-002,72,719
2025-03-02,SKU-002,98,621
2025-03-03,SKU-002,79,542
2025-03-04,SKU-002,84,458
2025-03-05,SKU-002,97,774
2025-03-06,SKU-002,94,680
2025-03-07,SKU-002,110,570
2025-03-08,SKU-002,111,459
2025-03-09,SKU-002,111,754
2025-03-10,SKU-002,111,643
2025-03-11,SKU-002,112,531
2025-03-12,SKU-002,104,427
2025-03-13,SKU-002,107,597
2025-03-14,SKU-002,91,506
2025-03-15,SKU-002,116,603
2025-03-16,SKU-002,97,506
2025-03-17,SKU-002,91,977
2025-03-18,SKU-002,83,894
2025-03-19,SKU-002,67,827
2025-03-20,SKU-002,71,756
2025-03-21,SKU-002,79,677
2025-03-22,SKU-002,55,622
2025-03-23,SKU-002,66,556
2025-03-24,SKU-002,54,502
2025-03-25,SKU-002,60,442
2025-03-26,SKU-002,62,852
2025-03-27,SKU-002,59,793
2025-03-28,SKU-002,58,735
2025-03-29,SKU-002,94,641
2025-03-30,SKU-002,92,549
2025-03-31,SKU-002,79,470
2025-04-01,SKU-002,96,684
2025-04-02,SKU-002,101,583
2025-04-03,SKU-002,97,486
2025-04-04,SKU-002,114,807
2025-04-05,SKU-002,122,685
2025-04-06,SKU-002,110,575
2025-04-07,SKU-002,100,475
2025-04-08,SKU-002,117,783
2025-04-09,SKU-002,96,687
2025-04-10,SKU-002,105,582
2025-04-11,SKU-002,90,492
2025-04-12,SKU-002,114,727
2025-04-13,SKU-002,105,622
2025-04-14,SKU-002,88,534
2025-04-15,SKU-002,78,456
2025-04-16,SKU-002,93,880
2025-04-17,SKU-002,78,802
2025-04-18,SKU-002,81,721
2025-04-19,SKU-002,81,640
2025-04-20,SKU-002,91,549
2025-04-21,SKU-002,63,486
2025-04-22,SKU-002,67,821
2025-04-23,SKU-002,68,753
2025-04-24,SKU-002,48,705
2025-04-25,SKU-002,66,639
2025-04-26,SKU-002,69,570
2025-04-27,SKU-002,81,489
2025-04-28,SKU-002,64,425
2025-04-29,SKU-002,60,789
2025-04-30,SKU-002,80,709
2025-05-01,SKU-002,97,612
2025-05-02,SKU-002,96,516
2025-05-03,SKU-002,109,644
2025-05-04,SKU-002,97,547
2025-05-05,SKU-002,102,445
2025-05-06,SKU-002,125,680
2025-05-07,SKU-002,92,588
2025-05-08,SKU-002,100,488
2025-05-09,SKU-002,88,860
2025-05-10,SKU-002,123,737
2025-05-11,SKU-002,108,629
2025-05-12,SKU-002,107,522
2025-05-13,SKU-002,87,435
2025-05-14,SKU-002,97,575
2025-05-15,SKU-002,99,476
2025-05-16,SKU-002,69,911
2025-05-17,SKU-002,80,831
2025-05-18,SKU-002,88,743
2025-05-19,SKU-002,75,668
2025-05-20,SKU-002,72,596
2025-05-21,SKU-002,62,534
2025-05-22,SKU-002,67,467
2025-05-23,SKU-002,59,927
2025-05-24,SKU-002,80,847
2025-05-25,SKU-002,74,773
2025-05-26,SKU-002,66,707
2025-05-27,SKU-002,63,644
2025-05-28,SKU-002,66,578
2025-05-29,SKU-002,70,508
2025-05-30,SKU-002,81,427
2025-05-31,SKU-002,90,915
2025-06-01,SKU-002,103,812
2025-06-02,SKU-002,94,718
2025-06-03,SKU-002,103,615
2025-06-04,SKU-002,86,529
2025-06-05,SKU-002,98,431
2025-06-06,SKU-002,119,615
2025-06-07,SKU-002,110,505
2025-06-08,SKU-002,97,960
2025-06-09,SKU-002,104,856
2025-06-10,SKU-002,116,740
2025-06-11,SKU-002,102,638
2025-06-12,SKU-002,94,544
2025-06-13,SKU-002,98,446
2025-06-14,SKU-002,80,669
2025-06-15,SKU-002,95,574
2025-06-16,SKU-002,66,508
2025-06-17,SKU-002,59,449
2025-06-18,SKU-002,63,764
2025-06-19,SKU-002,59,705
2025-06-20,SKU-002,60,645
2025-06-21,SKU-002,75,570
2025-06-22,SKU-002,80,490
2025-06-23,SKU-002,68,778
2025-06-24,SKU-002,62,716
2025-06-25,SKU-002,59,657
2025-06-26,SKU-002,59,598
2025-06-27,SKU-002,76,522
2025-06-28,SKU-002,76,446
2025-06-29,SKU-002,88,567
2025-06-30,SKU-002,79,488
2025-07-01,SKU-002,100,705
2025-07-02,SKU-002,91,614
2025-07-03,SKU-002,106,508
2025-07-04,SKU-002,96,872
2025-07-05,SKU-002,91,781
2025-07-06,SKU-002,111,670
2025-07-07,SKU-002,115,555
2025-07-08,SKU-002,121,434
2025-07-09,SKU-002,109,672
2025-07-10,SKU-002,114,558
2025-07-11,SKU-002,85,473
2025-07-12,SKU-002,117,858
2025-07-13,SKU-002,108,750
2025-07-14,SKU-002,75,675
2025-07-15,SKU-002,80,595
2025-07-16,SKU-002,74,521
2025-07-17,SKU-002,78,443
2025-07-18,SKU-002,81,917
2025-07-19,SKU-002,71,846
2025-07-20,SKU-002,83,763
2025-07-21,SKU-002,56,707
2025-07-22,SKU-002,56,651
2025-07-23,SKU-002,63,588
2025-07-24,SKU-002,58,530
2025-07-25,SKU-002,53,477
2025-07-26,SKU-002,67,980
2025-07-27,SKU-002,65,915
2025-07-28,SKU-002,85,830
2025-07-29,SKU-002,76,754
2025-07-30,SKU-002,79,675
2025-07-31,SKU-002,79,596
2025-08-01,SKU-002,78,518
2025-08-02,SKU-002,112,991
2025-08-03,SKU-002,109,882
2025-08-04,SKU-002,89,793
2025-08-05,SKU-002,81,712
2025-08-06,SKU-002,106,606
2025-08-07,SKU-002,111,495
2025-08-08,SKU-002,107,767
2025-08-09,SKU-002,99,668
2025-08-10,SKU-002,115,553
2025-08-11,SKU-002,94,459
2025-08-12,SKU-002,100,708
2025-08-13,SKU-002,72,636
2025-08-14,SKU-002,76,560
2025-08-15,SKU-002,72,488
2025-08-16,SKU-002,86,962
2025-08-17,SKU-002,79,883
2025-08-18,SKU-002,63,820
2025-08-19,SKU-002,53,767
2025-08-20,SKU-002,81,686
2025-08-21,SKU-002,60,626
2025-08-22,SKU-002,59,567
2025-08-23,SKU-002,70,497
2025-08-24,SKU-002,74,654
2025-08-25,SKU-002,64,590
2025-08-26,SKU-002,86,504
2025-08-27,SKU-002,68,436
2025-08-28,SKU-002,86,568
2025-08-29,SKU-002,78,490
2025-08-30,SKU-002,107,695
2025-08-31,SKU-002,79,616
2025-09-01,SKU-002,105,511
2025-09-02,SKU-002,82,429
2025-09-03,SKU-002,98,585
2025-09-04,SKU-002,100,485
2025-09-05,SKU-002,103,947
2025-09-06,SKU-002,118,829
2025-09-07,SKU-002,124,705
2025-09-08,SKU-002,102,603
2025-09-09,SKU-002,96,507
2025-09-10,SKU-002,103,916
2025-09-11,SKU-002,85,831
2025-09-12,SKU-002,80,751
2025-09-13,SKU-002,92,659
2025-09-14,SKU-002,86,573
2025-09-15,SKU-002,76,497
2025-09-16,SKU-002,60,437
2025-09-17,SKU-002,62,670
2025-09-18,SKU-002,60,610
2025-09-19,SKU-002,60,550
2025-09-20,SKU-002,69,481
2025-09-21,SKU-002,55,426
2025-09-22,SKU-002,53,579
2025-09-23,SKU-002,73,506
2025-09-24,SKU-002,71,435
2025-09-25,SKU-002,71,645
2025-09-26,SKU-002,79,566
2025-09-27,SKU-002,77,489
2025-09-28,SKU-002,85,989
2025-09-29,SKU-002,83,906
2025-09-30,SKU-002,90,816
2025-10-01,SKU-002,91,725
2025-10-02,SKU-002,106,619
2025-10-03,SKU-002,96,523
2025-10-04,SKU-002,123,652
2025-10-05,SKU-002,115,537
2025-10-06,SKU-002,103,434
2025-10-07,SKU-002,98,737
2025-10-08,SKU-002,104,633
2025-10-09,SKU-002,100,533
2025-10-10,SKU-002,95,438
2025-10-11,SKU-002,89,918
2025-10-12,SKU-002,95,823
2025-10-13,SKU-002,98,725
2025-10-14,SKU-002,82,643
2025-10-15,SKU-002,67,576
2025-10-16,SKU-002,64,512
2025-10-17,SKU-002,54,458
2025-10-18,SKU-002,72,800
2025-10-19,SKU-002,77,723
2025-10-20,SKU-002,63,660
2025-10-21,SKU-002,69,591
2025-10-22,SKU-002,60,531
2025-10-23,SKU-002,55,476
2025-10-24,SKU-002,64,776
2025-10-25,SKU-002,86,690
2025-10-26,SKU-002,85,605
2025-10-27,SKU-002,78,527
2025-10-28,SKU-002,89,438
2025-10-29,SKU-002,99,932
2025-10-30,SKU-002,98,834
2025-10-31,SKU-002,93,741
2025-11-01,SKU-002,114,627
2025-11-02,SKU-002,113,514
2025-11-03,SKU-002,83,431
2025-11-04,SKU-002,100,822
2025-11-05,SKU-002,105,717
2025-11-06,SKU-002,100,617
2025-11-07,SKU-002,110,507
2025-11-08,SKU-002,109,829
2025-11-09,SKU-002,107,722
2025-11-10,SKU-002,82,640
2025-11-11,SKU-002,106,534
2025-11-12,SKU-002,84,450
2025-11-13,SKU-002,77,641
2025-11-14,SKU-002,57,584
2025-11-15,SKU-002,76,508
2025-11-16,SKU-002,64,444
2025-11-17,SKU-002,62,825
2025-11-18,SKU-002,59,766
2025-11-19,SKU-002,53,713
2025-11-20,SKU-002,44,669
2025-11-21,SKU-002,67,602
2025-11-22,SKU-002,68,534
2025-11-23,SKU-002,76,458
2025-11-24,SKU-002,69,805
2025-11-25,SKU-002,68,737
2025-11-26,SKU-002,82,655
2025-11-27,SKU-002,93,562
2025-11-28,SKU-002,79,483
2025-11-29,SKU-002,99,812
2025-11-30,SKU-002,111,701
2025-12-01,SKU-002,92,609
2025-12-02,SKU-002,101,508
2025-12-03,SKU-002,117,602
2025-12-04,SKU-002,111,491
2025-12-05,SKU-002,104,850
2025-12-06,SKU-002,122,728
2025-12-07,SKU-002,115,613
2025-12-08,SKU-002,104,509
2025-12-09,SKU-002,104,804
2025-12-10,SKU-002,89,715
2025-12-11,SKU-002,72,643
2025-12-12,SKU-002,84,559
2025-12-13,SKU-002,87,472
2025-12-14,SKU-002,83,838
2025-12-15,SKU-002,57,781
2025-12-16,SKU-002,57,724
2025-12-17,SKU-002,58,666
2025-12-18,SKU-002,52,614
2025-12-19,SKU-002,63,551
2025-12-20,SKU-002,66,485
2025-12-21,SKU-002,61,705
2025-12-22,SKU-002,71,634
2025-12-23,SKU-002,41,593
2025-12-24,SKU-002,77,516
2025-12-25,SKU-002,81,435
2025-12-26,SKU-002,82,853
2025-12-27,SKU-002,74,779
2025-12-28,SKU-002,96,683
2025-12-29,SKU-002,85,598
2025-12-30,SKU-002,103,495
2025-12-31,SKU-002,89,969
2025-01-01,SKU-003,68,780
2025-01-02,SKU-003,68,712
2025-01-03,SKU-003,43,669
2025-01-04,SKU-003,83,586
2025-01-05,SKU-003,78,508
2025-01-06,SKU-003,80,428
2025-01-07,SKU-003,75,353
2025-01-08,SKU-003,74,729
2025-01-09,SKU-003,74,655
2025-01-10,SKU-003,82,573
2025-01-11,SKU-003,78,495
2025-01-12,SKU-003,91,404
2025-01-13,SKU-003,86,318
2025-01-14,SKU-003,62,691
2025-01-15,SKU-003,48,643
2025-01-16,SKU-003,44,599
2025-01-17,SKU-003,48,551
2025-01-18,SKU-003,68,483
2025-01-19,SKU-003,56,427
2025-01-20,SKU-003,40,387
2025-01-21,SKU-003,36,351
2025-01-22,SKU-003,35,316
2025-01-23,SKU-003,27,832
2025-01-24,SKU-003,33,799
2025-01-25,SKU-003,48,751
2025-01-26,SKU-003,61,690
2025-01-27,SKU-003,49,641
2025-01-28,SKU-003,49,592
2025-01-29,SKU-003,54,538
2025-01-30,SKU-003,62,476
2025-01-31,SKU-003,57,419
2025-02-01,SKU-003,72,347
2025-02-02,SKU-003,84,772
2025-02-03,SKU-003,65,707
2025-02-04,SKU-003,72,635
2025-02-05,SKU-003,91,544
2025-02-06,SKU-003,68,476
2025-02-07,SKU-003,70,406
2025-02-08,SKU-003,79,327
2025-02-09,SKU-003,79,706
2025-02-10,SKU-003,76,630
2025-02-11,SKU-003,74,556
2025-02-12,SKU-003,57,499
2025-02-13,SKU-003,69,430
2025-02-14,SKU-003,81,349
2025-02-15,SKU-003,72,717
2025-02-16,SKU-003,62,655
2025-02-17,SKU-003,42,613
2025-02-18,SKU-003,55,558
2025-02-19,SKU-003,55,503
2025-02-20,SKU-003,47,456
2025-02-21,SKU-003,40,416
2025-02-22,SKU-003,47,369
2025-02-23,SKU-003,47,322
2025-02-24,SKU-003,62,857
2025-02-25,SKU-003,52,805
2025-02-26,SKU-003,45,760
2025-02-27,SKU-003,58,702
2025-02-28,SKU-003,40,662
2025-03-01,SKU-003,59,603
2025-03-02,SKU-003,63,540
2025-03-03,SKU-003,61,479
2025-03-04,SKU-003,69,410
2025-03-05,SKU-003,66,344
2025-03-06,SKU-003,63,604
2025-03-07,SKU-003,80,524
2025-03-08,SKU-003,72,452
2025-03-09,SKU-003,78,374
2025-03-10,SKU-003,74,300
2025-03-11,SKU-003,88,448
2025-03-12,SKU-003,77,371
2025-03-13,SKU-003,61,310
2025-03-14,SKU-003,40,818
2025-03-15,SKU-003,68,750
2025-03-16,SKU-003,73,677
2025-03-17,SKU-003,65,612
2025-03-18,SKU-003,59,553
2025-03-19,SKU-003,68,485
2025-03-20,SKU-003,52,433
2025-03-21,SKU-003,52,381
2025-03-22,SKU-003,63,318
2025-03-23,SKU-003,54,555
2025-03-24,SKU-003,49,506
2025-03-25,SKU-003,47,459
2025-03-26,SKU-003,52,407
2025-03-27,SKU-003,54,353
2025-03-28,SKU-003,58,295
2025-03-29,SKU-003,64,437
2025-03-30,SKU-003,70,367
2025-03-31,SKU-003,54,313
2025-04-01,SKU-003,60,534
2025-04-02,SKU-003,60,474
2025-04-03,SKU-003,68,406
2025-04-04,SKU-003,71,335
2025-04-05,SKU-003,78,680
2025-04-06,SKU-003,82,598
2025-04-07,SKU-003,71,527
2025-04-08,SKU-003,69,458
2025-04-09,SKU-003,66,392
2025-04-10,SKU-003,74,318
2025-04-11,SKU-003,70,521
2025-04-12,SKU-003,81,440
2025-04-13,SKU-003,87,353
2025-04-14,SKU-003,63,290
2025-04-15,SKU-003,52,474
2025-04-16,SKU-003,55,419
2025-04-17,SKU-003,51,368
2025-04-18,SKU-003,53,315
2025-04-19,SKU-003,68,840
2025-04-20,SKU-003,48,792
2025-04-21,SKU-003,39,753
2025-04-22,SKU-003,43,710
2025-04-23,SKU-003,59,651
2025-04-24,SKU-003,37,614
2025-04-25,SKU-003,30,584
2025-04-26,SKU-003,66,518
2025-04-27,SKU-003,66,452
2025-04-28,SKU-003,45,407
2025-04-29,SKU-003,51,356
2025-04-30,SKU-003,45,311
2025-05-01,SKU-003,59,736
2025-05-02,SKU-003,71,665
2025-05-03,SKU-003,67,598
2025-05-04,SKU-003,83,515
2025-05-05,SKU-003,72,443
2025-05-06,SKU-003,67,376
2025-05-07,SKU-003,63,313
2025-05-08,SKU-003,81,768
2025-05-09,SKU-003,77,691
2025-05-10,SKU-003,85,606
2025-05-11,SKU-003,79,527
2025-05-12,SKU-003,82,445
2025-05-13,SKU-003,59,386
2025-05-14,SKU-003,55,331
2025-05-15,SKU-003,69,624
2025-05-16,SKU-003,65,559
2025-05-17,SKU-003,66,493
2025-05-18,SKU-003,60,433
2025-05-19,SKU-003,57,376
2025-05-20,SKU-003,44,332
2025-05-21,SKU-003,49,627
2025-05-22,SKU-003,43,584
2025-05-23,SKU-003,56,528
2025-05-24,SKU-003,33,495
2025-05-25,SKU-003,57,438
2025-05-26,SKU-003,43,395
2025-05-27,SKU-003,60,335
2025-05-28,SKU-003,61,813
2025-05-29,SKU-003,41,772
2025-05-30,SKU-003,52,720
2025-05-31,SKU-003,62,658
2025-06-01,SKU-003,71,587
2025-06-02,SKU-003,52,535
2025-06-03,SKU-003,72,463
2025-06-04,SKU-003,65,398
2025-06-05,SKU-003,80,318
2025-06-06,SKU-003,71,720
2025-06-07,SKU-003,84,636
2025-06-08,SKU-003,77,559
2025-06-09,SKU-003,86,473
2025-06-10,SKU-003,82,391
2025-06-11,SKU-003,76,315
2025-06-12,SKU-003,75,480
2025-06-13,SKU-003,72,408
2025-06-14,SKU-003,72,336
2025-06-15,SKU-003,59,562
2025-06-16,SKU-003,50,512
2025-06-17,SKU-003,43,469
2025-06-18,SKU-003,50,419
2025-06-19,SKU-003,40,379
2025-06-20,SKU-003,41,338
2025-06-21,SKU-003,62,578
2025-06-22,SKU-003,54,524
2025-06-23,SKU-003,34,490
2025-06-24,SKU-003,51,439
2025-06-25,SKU-003,50,389
2025-06-26,SKU-003,43,346
2025-06-27,SKU-003,46,300
2025-06-28,SKU-003,64,558
2025-06-29,SKU-003,59,499
2025-06-30,SKU-003,59,440
2025-07-01,SKU-003,56,384
2025-07-02,SKU-003,70,314
2025-07-03,SKU-003,71,620
2025-07-04,SKU-003,80,540
2025-07-05,SKU-003,87,453
2025-07-06,SKU-003,81,372
2025-07-07,SKU-003,93,562
2025-07-08,SKU-003,91,471
2025-07-09,SKU-003,83,388
2025-07-10,SKU-003,71,317
2025-07-11,SKU-003,82,561
2025-07-12,SKU-003,92,469
2025-07-13,SKU-003,76,393
2025-07-14,SKU-003,56,337
2025-07-15,SKU-003,55,782
2025-07-16,SKU-003,43,739
2025-07-17,SKU-003,60,679
2025-07-18,SKU-003,63,616
2025-07-19,SKU-003,55,561
2025-07-20,SKU-003,53,508
2025-07-21,SKU-003,52,456
2025-07-22,SKU-003,47,409
2025-07-23,SKU-003,27,382
2025-07-24,SKU-003,37,345
2025-07-25,SKU-003,45,300
2025-07-26,SKU-003,46,660
2025-07-27,SKU-003,55,605
2025-07-28,SKU-003,50,555
2025-07-29,SKU-003,42,513
2025-07-30,SKU-003,62,451
2025-07-31,SKU-003,67,384
2025-08-01,SKU-003,61,323
2025-08-02,SKU-003,90,436
2025-08-03,SKU-003,87,349
2025-08-04,SKU-003,78,622
2025-08-05,SKU-003,81,541
2025-08-06,SKU-003,98,443
2025-08-07,SKU-003,71,372
2025-08-08,SKU-003,74,298
2025-08-09,SKU-003,95,737
2025-08-10,SKU-003,68,669
2025-08-11,SKU-003,66,603
2025-08-12,SKU-003,72,531
2025-08-13,SKU-003,67,464
2025-08-14,SKU-003,46,418
2025-08-15,SKU-003,67,351
2025-08-16,SKU-003,73,876
2025-08-17,SKU-003,65,811
2025-08-18,SKU-003,41,770
2025-08-19,SKU-003,58,712
2025-08-20,SKU-003,31,681
2025-08-21,SKU-003,32,649
2025-08-22,SKU-003,54,595
2025-08-23,SKU-003,33,562
2025-08-24,SKU-003,58,504
2025-08-25,SKU-003,46,458
2025-08-26,SKU-003,43,415
2025-08-27,SKU-003,50,365
2025-08-28,SKU-003,48,317
2025-08-29,SKU-003,71,529
2025-08-30,SKU-003,86,443
2025-08-31,SKU-003,66,377
2025-09-01,SKU-003,70,307
2025-09-02,SKU-003,73,499
2025-09-03,SKU-003,71,428
2025-09-04,SKU-003,87,341
2025-09-05,SKU-003,87,617
2025-09-06,SKU-003,84,533
2025-09-07,SKU-003,87,446
2025-09-08,SKU-003,73,373
2025-09-09,SKU-003,60,313
2025-09-10,SKU-003,76,693
2025-09-11,SKU-003,61,632
2025-09-12,SKU-003,79,553
2025-09-13,SKU-003,58,495
2025-09-14,SKU-003,55,440
2025-09-15,SKU-003,40,400
2025-09-16,SKU-003,36,364
2025-09-17,SKU-003,56,308
2025-09-18,SKU-003,57,570
2025-09-19,SKU-003,45,525
2025-09-20,SKU-003,56,469
2025-09-21,SKU-003,63,406
2025-09-22,SKU-003,41,365
2025-09-23,SKU-003,48,317
2025-09-24,SKU-003,44,602
2025-09-25,SKU-003,45,557
2025-09-26,SKU-003,50,507
2025-09-27,SKU-003,62,445
2025-09-28,SKU-003,70,375
2025-09-29,SKU-003,58,317
2025-09-30,SKU-003,60,515
2025-10-01,SKU-003,64,451
2025-10-02,SKU-003,71,380
2025-10-03,SKU-003,56,324
2025-10-04,SKU-003,91,655
2025-10-05,SKU-003,87,568
2025-10-06,SKU-003,75,493
2025-10-07,SKU-003,60,433
2025-10-08,SKU-003,76,357
2025-10-09,SKU-003,54,303
2025-10-10,SKU-003,62,781
2025-10-11,SKU-003,79,702
2025-10-12,SKU-003,74,628
2025-10-13,SKU-003,53,575
2025-10-14,SKU-003,64,511
2025-10-15,SKU-003,51,460
2025-10-16,SKU-003,54,406
2025-10-17,SKU-003,40,366
2025-10-18,SKU-003,55,311
2025-10-19,SKU-003,70,585
2025-10-20,SKU-003,44,541
2025-10-21,SKU-003,44,497
2025-10-22,SKU-003,40,457
2025-10-23,SKU-003,47,410
2025-10-24,SKU-003,52,358
2025-10-25,SKU-003,60,298
2025-10-26,SKU-003,66,792
2025-10-27,SKU-003,63,729
2025-10-28,SKU-003,61,668
2025-10-29,SKU-003,56,612
2025-10-30,SKU-003,65,547
2025-10-31,SKU-003,71,476
2025-11-01,SKU-003,83,393
2025-11-02,SKU-003,86,307
2025-11-03,SKU-003,87,743
2025-11-04,SKU-003,78,665
2025-11-05,SKU-003,84,581
2025-11-06,SKU-003,79,502
2025-11-07,SKU-003,71,431
2025-11-08,SKU-003,87,344
2025-11-09,SKU-003,84,588
2025-11-10,SKU-003,62,526
2025-11-11,SKU-003,63,463
2025-11-12,SKU-003,50,413
2025-11-13,SKU-003,45,368
2025-11-14,SKU-003,39,329
2025-11-15,SKU-003,52,781
2025-11-16,SKU-003,69,712
2025-11-17,SKU-003,28,684
2025-11-18,SKU-003,58,626
2025-11-19,SKU-003,43,583
2025-11-20,SKU-003,41,542
2025-11-21,SKU-003,47,495
2025-11-22,SKU-003,47,448
2025-11-23,SKU-003,57,391
2025-11-24,SKU-003,62,329
2025-11-25,SKU-003,57,588
2025-11-26,SKU-003,56,532
2025-11-27,SKU-003,59,473
2025-11-28,SKU-003,53,420
2025-11-29,SKU-003,74,346
2025-11-30,SKU-003,65,523
2025-12-01,SKU-003,76,447
2025-12-02,SKU-003,77,370
2025-12-03,SKU-003,72,298
2025-12-04,SKU-003,78,622
2025-12-05,SKU-003,65,557
2025-12-06,SKU-003,80,477
2025-12-07,SKU-003,71,406
2025-12-08,SKU-003,70,336
2025-12-09,SKU-003,71,837
2025-12-10,SKU-003,56,781
2025-12-11,SKU-003,54,727
2025-12-12,SKU-003,50,677
2025-12-13,SKU-003,67,610
2025-12-14,SKU-003,73,537
2025-12-15,SKU-003,57,480
2025-12-16,SKU-003,34,446
2025-12-17,SKU-003,37,409
2025-12-18,SKU-003,51,358
2025-12-19,SKU-003,35,323
2025-12-20,SKU-003,51,734
2025-12-21,SKU-003,46,688
2025-12-22,SKU-003,49,639
2025-12-23,SKU-003,62,577
2025-12-24,SKU-003,51,526
2025-12-25,SKU-003,54,472
2025-12-26,SKU-003,48,424
2025-12-27,SKU-003,80,344
2025-12-28,SKU-003,71,857
2025-12-29,SKU-003,69,788
2025-12-30,SKU-003,50,738
2025-12-31,SKU-003,72,666
2025-01-01,SKU-004,46,1437
2025-01-02,SKU-004,41,1396
2025-01-03,SKU-004,33,1363
2025-01-04,SKU-004,46,1317
2025-01-05,SKU-004,57,1260
2025-01-06,SKU-004,50,1210
2025-01-07,SKU-004,40,1170
2025-01-08,SKU-004,53,1117
2025-01-09,SKU-004,42,1075
2025-01-10,SKU-004,60,1015
2025-01-11,SKU-004,47,968
2025-01-12,SKU-004,54,914
2025-01-13,SKU-004,33,881
2025-01-14,SKU-004,54,827
2025-01-15,SKU-004,22,805
2025-01-16,SKU-004,33,772
2025-01-17,SKU-004,19,753
2025-01-18,SKU-004,28,725
2025-01-19,SKU-004,32,693
2025-01-20,SKU-004,25,668
2025-01-21,SKU-004,26,642
2025-01-22,SKU-004,0,642
2025-01-23,SKU-004,13,629
2025-01-24,SKU-004,23,606
2025-01-25,SKU-004,8,598
2025-01-26,SKU-004,26,572
2025-01-27,SKU-004,16,556
2025-01-28,SKU-004,22,534
2025-01-29,SKU-004,16,518
2025-01-30,SKU-004,14,504
2025-01-31,SKU-004,14,490
2025-02-01,SKU-004,51,439
2025-02-02,SKU-004,55,384
2025-02-03,SKU-004,42,342
2025-02-04,SKU-004,38,304
2025-02-05,SKU-004,32,272
2025-02-06,SKU-004,51,221
2025-02-07,SKU-004,38,183
2025-02-08,SKU-004,51,527
2025-02-09,SKU-004,66,461
2025-02-10,SKU-004,43,418
2025-02-11,SKU-004,39,379
2025-02-12,SKU-004,42,337
2025-02-13,SKU-004,26,311
2025-02-14,SKU-004,40,271
2025-02-15,SKU-004,53,218
2025-02-16,SKU-004,43,175
2025-02-17,SKU-004,20,155
2025-02-18,SKU-004,7,148
2025-02-19,SKU-004,4,144
2025-02-20,SKU-004,4,140
2025-02-21,SKU-004,13,442
2025-02-22,SKU-004,23,419
2025-02-23,SKU-004,23,396
2025-02-24,SKU-004,7,389
2025-02-25,SKU-004,7,382
2025-02-26,SKU-004,22,360
2025-02-27,SKU-004,12,348
2025-02-28,SKU-004,23,325
2025-03-01,SKU-004,49,276
2025-03-02,SKU-004,38,238
2025-03-03,SKU-004,44,194
2025-03-04,SKU-004,28,166
2025-03-05,SKU-004,37,432
2025-03-06,SKU-004,32,400
2025-03-07,SKU-004,40,360
2025-03-08,SKU-004,64,296
2025-03-09,SKU-004,53,243
2025-03-10,SKU-004,50,193
2025-03-11,SKU-004,54,626
2025-03-12,SKU-004,41,585
2025-03-13,SKU-004,45,540
2025-03-14,SKU-004,40,500
2025-03-15,SKU-004,54,446
2025-03-16,SKU-004,52,394
2025-03-17,SKU-004,24,370
2025-03-18,SKU-004,16,354
2025-03-19,SKU-004,9,345
2025-03-20,SKU-004,24,321
2025-03-21,SKU-004,9,312
2025-03-22,SKU-004,8,304
2025-03-23,SKU-004,27,277
2025-03-24,SKU-004,33,244
2025-03-25,SKU-004,13,231
2025-03-26,SKU-004,21,210
2025-03-27,SKU-004,16,194
2025-03-28,SKU-004,17,177
2025-03-29,SKU-004,38,496
2025-03-30,SKU-004,32,464
2025-03-31,SKU-004,22,442
2025-04-01,SKU-004,35,407
2025-04-02,SKU-004,40,367
2025-04-03,SKU-004,34,333
2025-04-04,SKU-004,38,295
2025-04-05,SKU-004,50,245
2025-04-06,SKU-004,58,187
2025-04-07,SKU-004,53,599
2025-04-08,SKU-004,47,552
2025-04-09,SKU-004,51,501
2025-04-10,SKU-004,68,433
2025-04-11,SKU-004,45,388
2025-04-12,SKU-004,50,338
2025-04-13,SKU-004,56,282
2025-04-14,SKU-004,19,263
2025-04-15,SKU-004,36,227
2025-04-16,SKU-004,29,198
2025-04-17,SKU-004,20,178
2025-04-18,SKU-004,29,149
2025-04-19,SKU-004,32,412
2025-04-20,SKU-004,34,378
2025-04-21,SKU-004,18,360
2025-04-22,SKU-004,12,348
2025-04-23,SKU-004,19,329
2025-04-24,SKU-004,15,314
2025-04-25,SKU-004,13,301
2025-04-26,SKU-004,16,285
2025-04-27,SKU-004,16,269
2025-04-28,SKU-004,11,258
2025-04-29,SKU-004,27,231
2025-04-30,SKU-004,28,203
2025-05-01,SKU-004,20,183
2025-05-02,SKU-004,41,142
2025-05-03,SKU-004,61,363
2025-05-04,SKU-004,47,316
2025-05-05,SKU-004,53,263
2025-05-06,SKU-004,52,211
2025-05-07,SKU-004,42,169
2025-05-08,SKU-004,63,345
2025-05-09,SKU-004,61,284
2025-05-10,SKU-004,63,221
2025-05-11,SKU-004,68,153
2025-05-12,SKU-004,54,422
2025-05-13,SKU-004,31,391
2025-05-14,SKU-004,44,347
2025-05-15,SKU-004,42,305
2025-05-16,SKU-004,29,276
2025-05-17,SKU-004,50,226
2025-05-18,SKU-004,25,201
2025-05-19,SKU-004,33,168
2025-05-20,SKU-004,4,164
2025-05-21,SKU-004,39,553
2025-05-22,SKU-004,19,534
2025-05-23,SKU-004,14,520
2025-05-24,SKU-004,21,499
2025-05-25,SKU-004,23,476
2025-05-26,SKU-004,29,447
2025-05-27,SKU-004,17,430
2025-05-28,SKU-004,37,393
2025-05-29,SKU-004,32,361
2025-05-30,SKU-004,33,328
2025-05-31,SKU-004,34,294
2025-06-01,SKU-004,55,239
2025-06-02,SKU-004,37,202
2025-06-03,SKU-004,34,168
2025-06-04,SKU-004,51,489
2025-06-05,SKU-004,48,441
2025-06-06,SKU-004,47,394
2025-06-07,SKU-004,68,326
2025-06-08,SKU-004,51,275
2025-06-09,SKU-004,37,238
2025-06-10,SKU-004,49,189
2025-06-11,SKU-004,44,145
2025-06-12,SKU-004,49,377
2025-06-13,SKU-004,23,354
2025-06-14,SKU-004,44,310
2025-06-15,SKU-004,37,273
2025-06-16,SKU-004,12,261
2025-06-17,SKU-004,29,232
2025-06-18,SKU-004,25,207
2025-06-19,SKU-004,30,177
2025-06-20,SKU-004,10,167
2025-06-21,SKU-004,14,153
2025-06-22,SKU-004,23,339
2025-06-23,SKU-004,16,323
2025-06-24,SKU-004,18,305
2025-06-25,SKU-004,23,282
2025-06-26,SKU-004,25,257
2025-06-27,SKU-004,4,253
2025-06-28,SKU-004,36,217
2025-06-29,SKU-004,29,188
2025-06-30,SKU-004,32,156
2025-07-01,SKU-004,37,491
2025-07-02,SKU-004,50,441
2025-07-03,SKU-004,49,392
2025-07-04,SKU-004,42,350
2025-07-05,SKU-004,76,274
2025-07-06,SKU-004,63,211
2025-07-07,SKU-004,50,161
2025-07-08,SKU-004,54,458
2025-07-09,SKU-004,52,406
2025-07-10,SKU-004,46,360
2025-07-11,SKU-004,42,318
2025-07-12,SKU-004,37,281
2025-07-13,SKU-004,44,237
2025-07-14,SKU-004,24,213
2025-07-15,SKU-004,45,168
2025-07-16,SKU-004,33,342
2025-07-17,SKU-004,36,306
2025-07-18,SKU-004,18,288
2025-07-19,SKU-004,20,268
2025-07-20,SKU-004,42,226
2025-07-21,SKU-004,16,210
2025-07-22,SKU-004,15,195
2025-07-23,SKU-004,28,167
2025-07-24,SKU-004,23,144
2025-07-25,SKU-004,23,510
2025-07-26,SKU-004,49,461
2025-07-27,SKU-004,32,429
2025-07-28,SKU-004,34,395
2025-07-29,SKU-004,31,364
2025-07-30,SKU-004,27,337
2025-07-31,SKU-004,39,298
2025-08-01,SKU-004,35,263
2025-08-02,SKU-004,56,207
2025-08-03,SKU-004,66,141
2025-08-04,SKU-004,43,307
2025-08-05,SKU-004,56,251
2025-08-06,SKU-004,58,193
2025-08-07,SKU-004,52,141
2025-08-08,SKU-004,48,607
2025-08-09,SKU-004,51,556
2025-08-10,SKU-004,42,514
2025-08-11,SKU-004,54,460
2025-08-12,SKU-004,39,421
2025-08-13,SKU-004,34,387
2025-08-14,SKU-004,38,349
2025-08-15,SKU-004,36,313
2025-08-16,SKU-004,36,277
2025-08-17,SKU-004,36,241
2025-08-18,SKU-004,29,212
2025-08-19,SKU-004,18,194
2025-08-20,SKU-004,22,172
2025-08-21,SKU-004,5,167
2025-08-22,SKU-004,9,158
2025-08-23,SKU-004,34,449
2025-08-24,SKU-004,35,414
2025-08-25,SKU-004,29,385
2025-08-26,SKU-004,31,354
2025-08-27,SKU-004,39,315
2025-08-28,SKU-004,34,281
2025-08-29,SKU-004,26,255
2025-08-30,SKU-004,53,202
2025-08-31,SKU-004,49,153
2025-09-01,SKU-004,43,397
2025-09-02,SKU-004,55,342
2025-09-03,SKU-004,44,298
2025-09-04,SKU-004,40,258
2025-09-05,SKU-004,61,197
2025-09-06,SKU-004,71,328
2025-09-07,SKU-004,68,260
2025-09-08,SKU-004,38,222
2025-09-09,SKU-004,56,166
2025-09-10,SKU-004,51,681
2025-09-11,SKU-004,43,638
2025-09-12,SKU-004,49,589
2025-09-13,SKU-004,49,540
2025-09-14,SKU-004,34,506
2025-09-15,SKU-004,35,471
2025-09-16,SKU-004,33,438
2025-09-17,SKU-004,21,417
2025-09-18,SKU-004,27,390
2025-09-19,SKU-004,22,368
2025-09-20,SKU-004,28,340
2025-09-21,SKU-004,19,321
2025-09-22,SKU-004,29,292
2025-09-23,SKU-004,28,264
2025-09-24,SKU-004,29,235
2025-09-25,SKU-004,39,196
2025-09-26,SKU-004,38,158
2025-09-27,SKU-004,49,394
2025-09-28,SKU-004,30,364
2025-09-29,SKU-004,43,321
2025-09-30,SKU-004,47,274
2025-10-01,SKU-004,55,219
2025-10-02,SKU-004,57,162
2025-10-03,SKU-004,62,522
2025-10-04,SKU-004,71,451
2025-10-05,SKU-004,71,380
2025-10-06,SKU-004,53,327
2025-10-07,SKU-004,69,258
2025-10-08,SKU-004,50,208
2025-10-09,SKU-004,53,155
2025-10-10,SKU-004,56,591
2025-10-11,SKU-004,52,539
2025-10-12,SKU-004,49,490
2025-10-13,SKU-004,27,463
2025-10-14,SKU-004,21,442
2025-10-15,SKU-004,31,411
2025-10-16,SKU-004,36,375
2025-10-17,SKU-004,21,354
2025-10-18,SKU-004,35,319
2025-10-19,SKU-004,37,282
2025-10-20,SKU-004,13,269
2025-10-21,SKU-004,20,249
2025-10-22,SKU-004,16,233
2025-10-23,SKU-004,36,197
2025-10-24,SKU-004,38,159
2025-10-25,SKU-004,30,480
2025-10-26,SKU-004,44,436
2025-10-27,SKU-004,44,392
2025-10-28,SKU-004,33,359
2025-10-29,SKU-004,50,309
2025-10-30,SKU-004,51,258
2025-10-31,SKU-004,27,231
2025-11-01,SKU-004,69,162
2025-11-02,SKU-004,61,483
2025-11-03,SKU-004,49,434
2025-11-04,SKU-004,52,382
2025-11-05,SKU-004,46,336
2025-11-06,SKU-004,62,274
2025-11-07,SKU-004,62,212
2025-11-08,SKU-004,55,157
2025-11-09,SKU-004,55,499
2025-11-10,SKU-004,56,443
2025-11-11,SKU-004,48,395
2025-11-12,SKU-004,37,358
2025-11-13,SKU-004,28,330
2025-11-14,SKU-004,29,301
2025-11-15,SKU-004,47,254
2025-11-16,SKU-004,51,203
2025-11-17,SKU-004,36,167
2025-11-18,SKU-004,18,149
2025-11-19,SKU-004,13,385
2025-11-20,SKU-004,26,359
2025-11-21,SKU-004,16,343
2025-11-22,SKU-004,48,295
2025-11-23,SKU-004,50,245
2025-11-24,SKU-004,33,212
2025-11-25,SKU-004,34,178
2025-11-26,SKU-004,33,145
2025-11-27,SKU-004,44,369
2025-11-28,SKU-004,41,328
2025-11-29,SKU-004,60,268
2025-11-30,SKU-004,59,209
2025-12-01,SKU-004,64,145
2025-12-02,SKU-004,47,557
2025-12-03,SKU-004,57,500
2025-12-04,SKU-004,59,441
2025-12-05,SKU-004,59,382
2025-12-06,SKU-004,63,319
2025-12-07,SKU-004,63,256
2025-12-08,SKU-004,59,197
2025-12-09,SKU-004,49,148
2025-12-10,SKU-004,45,666
2025-12-11,SKU-004,44,622
2025-12-12,SKU-004,33,589
2025-12-13,SKU-004,39,550
2025-12-14,SKU-004,34,516
2025-12-15,SKU-004,14,502
2025-12-16,SKU-004,23,479
2025-12-17,SKU-004,31,448
2025-12-18,SKU-004,25,423
2025-12-19,SKU-004,21,402
2025-12-20,SKU-004,34,368
2025-12-21,SKU-004,30,338
2025-12-22,SKU-004,10,328
2025-12-23,SKU-004,34,294
2025-12-24,SKU-004,39,255
2025-12-25,SKU-004,28,227
2025-12-26,SKU-004,36,191
2025-12-27,SKU-004,49,142
2025-12-28,SKU-004,57,427
2025-12-29,SKU-004,62,365
2025-12-30,SKU-004,49,316
2025-12-31,SKU-004,62,254
2025-01-01,SKU-005,48,764
2025-01-02,SKU-005,47,717
2025-01-03,SKU-005,53,664
2025-01-04,SKU-005,55,609
2025-01-05,SKU-005,58,551
2025-01-06,SKU-005,45,506
2025-01-07,SKU-005,57,449
2025-01-08,SKU-005,54,395
2025-01-09,SKU-005,49,346
2025-01-10,SKU-005,53,293
2025-01-11,SKU-005,68,225
2025-01-12,SKU-005,78,498
2025-01-13,SKU-005,49,449
2025-01-14,SKU-005,50,399
2025-01-15,SKU-005,50,349
2025-01-16,SKU-005,60,289
2025-01-17,SKU-005,42,247
2025-01-18,SKU-005,44,467
2025-01-19,SKU-005,40,427
2025-01-20,SKU-005,36,391
2025-01-21,SKU-005,27,364
2025-01-22,SKU-005,41,323
2025-01-23,SKU-005,48,275
2025-01-24,SKU-005,33,242
2025-01-25,SKU-005,53,682
2025-01-26,SKU-005,41,641
2025-01-27,SKU-005,36,605
2025-01-28,SKU-005,50,555
2025-01-29,SKU-005,36,519
2025-01-30,SKU-005,37,482
2025-01-31,SKU-005,41,441
2025-02-01,SKU-005,50,391
2025-02-02,SKU-005,60,331
2025-02-03,SKU-005,64,267
2025-02-04,SKU-005,55,625
2025-02-05,SKU-005,52,573
2025-02-06,SKU-005,51,522
2025-02-07,SKU-005,50,472
2025-02-08,SKU-005,66,406
2025-02-09,SKU-005,70,336
2025-02-10,SKU-005,57,279
2025-02-11,SKU-005,66,478
2025-02-12,SKU-005,51,427
2025-02-13,SKU-005,44,383
2025-02-14,SKU-005,48,335
2025-02-15,SKU-005,62,273
2025-02-16,SKU-005,46,227
2025-02-17,SKU-005,41,664
2025-02-18,SKU-005,36,628
2025-02-19,SKU-005,47,581
2025-02-20,SKU-005,38,543
2025-02-21,SKU-005,24,519
2025-02-22,SKU-005,53,466
2025-02-23,SKU-005,40,426
2025-02-24,SKU-005,51,375
2025-02-25,SKU-005,45,330
2025-02-26,SKU-005,34,296
2025-02-27,SKU-005,50,246
2025-02-28,SKU-005,42,445
2025-03-01,SKU-005,60,385
2025-03-02,SKU-005,72,313
2025-03-03,SKU-005,33,280
2025-03-04,SKU-005,53,227
2025-03-05,SKU-005,43,748
2025-03-06,SKU-005,51,697
2025-03-07,SKU-005,58,639
2025-03-08,SKU-005,61,578
2025-03-09,SKU-005,62,516
2025-03-10,SKU-005,58,458
2025-03-11,SKU-005,61,397
2025-03-12,SKU-005,53,344
2025-03-13,SKU-005,44,300
2025-03-14,SKU-005,46,254
2025-03-15,SKU-005,61,424
2025-03-16,SKU-005,61,363
2025-03-17,SKU-005,41,322
2025-03-18,SKU-005,35,287
2025-03-19,SKU-005,41,246
2025-03-20,SKU-005,32,515
2025-03-21,SKU-005,48,467
2025-03-22,SKU-005,50,417
2025-03-23,SKU-005,40,377
2025-03-24,SKU-005,32,345
2025-03-25,SKU-005,40,305
2025-03-26,SKU-005,38,267
2025-03-27,SKU-005,36,231
2025-03-28,SKU-005,28,536
2025-03-29,SKU-005,42,494
2025-03-30,SKU-005,44,450
2025-03-31,SKU-005,53,397
2025-04-01,SKU-005,56,341
2025-04-02,SKU-005,47,294
2025-04-03,SKU-005,33,261
2025-04-04,SKU-005,47,639
2025-04-05,SKU-005,65,574
2025-04-06,SKU-005,66,508
2025-04-07,SKU-005,43,465
2025-04-08,SKU-005,57,408
2025-04-09,SKU-005,51,357
2025-04-10,SKU-005,69,288
2025-04-11,SKU-005,57,231
2025-04-12,SKU-005,67,701
2025-04-13,SKU-005,68,633
2025-04-14,SKU-005,60,573
2025-04-15,SKU-005,36,537
2025-04-16,SKU-005,56,481
2025-04-17,SKU-005,43,438
2025-04-18,SKU-005,52,386
2025-04-19,SKU-005,50,336
2025-04-20,SKU-005,50,286
2025-04-21,SKU-005,40,246
2025-04-22,SKU-005,30,481
2025-04-23,SKU-005,29,452
2025-04-24,SKU-005,40,412
2025-04-25,SKU-005,43,369
2025-04-26,SKU-005,44,325
2025-04-27,SKU-005,44,281
2025-04-28,SKU-005,30,251
2025-04-29,SKU-005,54,435
2025-04-30,SKU-005,40,395
2025-05-01,SKU-005,48,347
2025-05-02,SKU-005,54,293
2025-05-03,SKU-005,57,236
2025-05-04,SKU-005,53,428
2025-05-05,SKU-005,63,365
2025-05-06,SKU-005,54,311
2025-05-07,SKU-005,38,273
2025-05-08,SKU-005,63,439
2025-05-09,SKU-005,56,383
2025-05-10,SKU-005,77,306
2025-05-11,SKU-005,65,241
2025-05-12,SKU-005,51,659
2025-05-13,SKU-005,50,609
2025-05-14,SKU-005,54,555
2025-05-15,SKU-005,45,510
2025-05-16,SKU-005,52,458
2025-05-17,SKU-005,56,402
2025-05-18,SKU-005,55,347
2025-05-19,SKU-005,47,300
2025-05-20,SKU-005,34,266
2025-05-21,SKU-005,43,820
2025-05-22,SKU-005,34,786
2025-05-23,SKU-005,33,753
2025-05-24,SKU-005,44,709
2025-05-25,SKU-005,46,663
2025-05-26,SKU-005,36,627
2025-05-27,SKU-005,39,588
2025-05-28,SKU-005,36,552
2025-05-29,SKU-005,49,503
2025-05-30,SKU-005,40,463
2025-05-31,SKU-005,62,401
2025-06-01,SKU-005,71,330
2025-06-02,SKU-005,48,282
2025-06-03,SKU-005,59,508
2025-06-04,SKU-005,53,455
2025-06-05,SKU-005,54,401
2025-06-06,SKU-005,57,344
2025-06-07,SKU-005,76,268
2025-06-08,SKU-005,59,609
2025-06-09,SKU-005,58,551
2025-06-10,SKU-005,57,494
2025-06-11,SKU-005,59,435
2025-06-12,SKU-005,58,377
2025-06-13,SKU-005,72,305
2025-06-14,SKU-005,44,261
2025-06-15,SKU-005,51,485
2025-06-16,SKU-005,35,450
2025-06-17,SKU-005,42,408
2025-06-18,SKU-005,33,375
2025-06-19,SKU-005,35,340
2025-06-20,SKU-005,49,291
2025-06-21,SKU-005,45,246
2025-06-22,SKU-005,58,735
2025-06-23,SKU-005,45,690
2025-06-24,SKU-005,35,655
2025-06-25,SKU-005,31,624
2025-06-26,SKU-005,56,568
2025-06-27,SKU-005,39,529
2025-06-28,SKU-005,53,476
2025-06-29,SKU-005,59,417
2025-06-30,SKU-005,47,370
2025-07-01,SKU-005,62,308
2025-07-02,SKU-005,46,262
2025-07-03,SKU-005,54,560
2025-07-04,SKU-005,61,499
2025-07-05,SKU-005,67,432
2025-07-06,SKU-005,65,367
2025-07-07,SKU-005,44,323
2025-07-08,SKU-005,46,277
2025-07-09,SKU-005,36,241
2025-07-10,SKU-005,51,626
2025-07-11,SKU-005,73,553
2025-07-12,SKU-005,83,470
2025-07-13,SKU-005,55,415
2025-07-14,SKU-005,58,357
2025-07-15,SKU-005,48,309
2025-07-16,SKU-005,41,268
2025-07-17,SKU-005,49,713
2025-07-18,SKU-005,43,670
2025-07-19,SKU-005,60,610
2025-07-20,SKU-005,33,577
2025-07-21,SKU-005,38,539
2025-07-22,SKU-005,35,504
2025-07-23,SKU-005,42,462
2025-07-24,SKU-005,39,423
2025-07-25,SKU-005,32,391
2025-07-26,SKU-005,47,344
2025-07-27,SKU-005,45,299
2025-07-28,SKU-005,51,248
2025-07-29,SKU-005,45,799
2025-07-30,SKU-005,45,754
2025-07-31,SKU-005,50,704
2025-08-01,SKU-005,57,647
2025-08-02,SKU-005,62,585
2025-08-03,SKU-005,62,523
2025-08-04,SKU-005,47,476
2025-08-05,SKU-005,61,415
2025-08-06,SKU-005,60,355
2025-08-07,SKU-005,48,307
2025-08-08,SKU-005,63,244
2025-08-09,SKU-005,56,477
2025-08-10,SKU-005,73,404
2025-08-11,SKU-005,54,350
2025-08-12,SKU-005,46,304
2025-08-13,SKU-005,44,260
2025-08-14,SKU-005,50,570
2025-08-15,SKU-005,28,542
2025-08-16,SKU-005,47,495
2025-08-17,SKU-005,49,446
2025-08-18,SKU-005,32,414
2025-08-19,SKU-005,37,377
2025-08-20,SKU-005,38,339
2025-08-21,SKU-005,35,304
2025-08-22,SKU-005,32,272
2025-08-23,SKU-005,49,527
2025-08-24,SKU-005,52,475
2025-08-25,SKU-005,46,429
2025-08-26,SKU-005,44,385
2025-08-27,SKU-005,44,341
2025-08-28,SKU-005,65,276
2025-08-29,SKU-005,45,231
2025-08-30,SKU-005,57,528
2025-08-31,SKU-005,63,465
2025-09-01,SKU-005,67,398
2025-09-02,SKU-005,59,339
2025-09-03,SKU-005,63,276
2025-09-04,SKU-005,37,239
2025-09-05,SKU-005,70,679
2025-09-06,SKU-005,63,616
2025-09-07,SKU-005,68,548
2025-09-08,SKU-005,57,491
2025-09-09,SKU-005,47,444
2025-09-10,SKU-005,63,381
2025-09-11,SKU-005,45,336
2025-09-12,SKU-005,57,279
2025-09-13,SKU-005,61,524
2025-09-14,SKU-005,70,454
2025-09-15,SKU-005,37,417
2025-09-16,SKU-005,34,383
2025-09-17,SKU-005,31,352
2025-09-18,SKU-005,36,316
2025-09-19,SKU-005,49,267
2025-09-20,SKU-005,52,570
2025-09-21,SKU-005,51,519
2025-09-22,SKU-005,50,469
2025-09-23,SKU-005,42,427
2025-09-24,SKU-005,39,388
2025-09-25,SKU-005,39,349
2025-09-26,SKU-005,55,294
2025-09-27,SKU-005,80,569
2025-09-28,SKU-005,49,520
2025-09-29,SKU-005,48,472
2025-09-30,SKU-005,49,423
2025-10-01,SKU-005,60,363
2025-10-02,SKU-005,66,297
2025-10-03,SKU-005,68,229
2025-10-04,SKU-005,63,491
2025-10-05,SKU-005,66,425
2025-10-06,SKU-005,51,374
2025-10-07,SKU-005,59,315
2025-10-08,SKU-005,57,258
2025-10-09,SKU-005,65,568
2025-10-10,SKU-005,69,499
2025-10-11,SKU-005,58,441
2025-10-12,SKU-005,59,382
2025-10-13,SKU-005,38,344
2025-10-14,SKU-005,46,298
2025-10-15,SKU-005,40,258
2025-10-16,SKU-005,41,571
2025-10-17,SKU-005,43,528
2025-10-18,SKU-005,35,493
2025-10-19,SKU-005,36,457
2025-10-20,SKU-005,31,426
2025-10-21,SKU-005,34,392
2025-10-22,SKU-005,29,363
2025-10-23,SKU-005,39,324
2025-10-24,SKU-005,37,287
2025-10-25,SKU-005,60,227
2025-10-26,SKU-005,50,510
2025-10-27,SKU-005,27,483
2025-10-28,SKU-005,57,426
2025-10-29,SKU-005,53,373
2025-10-30,SKU-005,51,322
2025-10-31,SKU-005,57,265
2025-11-01,SKU-005,53,479
2025-11-02,SKU-005,58,421
2025-11-03,SKU-005,57,364
2025-11-04,SKU-005,61,303
2025-11-05,SKU-005,48,255
2025-11-06,SKU-005,59,704
2025-11-07,SKU-005,55,649
2025-11-08,SKU-005,75,574
2025-11-09,SKU-005,55,519
2025-11-10,SKU-005,45,474
2025-11-11,SKU-005,40,434
2025-11-12,SKU-005,41,393
2025-11-13,SKU-005,46,347
2025-11-14,SKU-005,48,299
2025-11-15,SKU-005,60,239
2025-11-16,SKU-005,36,682
2025-11-17,SKU-005,35,647
2025-11-18,SKU-005,43,604
2025-11-19,SKU-005,44,560
2025-11-20,SKU-005,45,515
2025-11-21,SKU-005,30,485
2025-11-22,SKU-005,40,445
2025-11-23,SKU-005,49,396
2025-11-24,SKU-005,54,342
2025-11-25,SKU-005,38,304
2025-11-26,SKU-005,50,254
2025-11-27,SKU-005,52,775
2025-11-28,SKU-005,56,719
2025-11-29,SKU-005,64,655
2025-11-30,SKU-005,68,587
2025-12-01,SKU-005,64,523
2025-12-02,SKU-005,58,465
2025-12-03,SKU-005,60,405
2025-12-04,SKU-005,55,350
2025-12-05,SKU-005,60,290
2025-12-06,SKU-005,65,225
2025-12-07,SKU-005,72,364
2025-12-08,SKU-005,53,311
2025-12-09,SKU-005,47,264
2025-12-10,SKU-005,53,718
2025-12-11,SKU-005,52,666
2025-12-12,SKU-005,57,609
2025-12-13,SKU-005,45,564
2025-12-14,SKU-005,47,517
2025-12-15,SKU-005,47,470
2025-12-16,SKU-005,35,435
2025-12-17,SKU-005,41,394
2025-12-18,SKU-005,19,375
2025-12-19,SKU-005,60,315
2025-12-20,SKU-005,46,269
2025-12-21,SKU-005,58,649
2025-12-22,SKU-005,37,612
2025-12-23,SKU-005,45,567
2025-12-24,SKU-005,43,524
2025-12-25,SKU-005,43,481
2025-12-26,SKU-005,45,436
2025-12-27,SKU-005,57,379
2025-12-28,SKU-005,70,309
2025-12-29,SKU-005,57,252
2025-12-30,SKU-005,31,609
2025-12-31,SKU-005,72,537
2025-01-01,SKU-006,60,759
2025-01-02,SKU-006,57,702
2025-01-03,SKU-006,57,645
2025-01-04,SKU-006,76,569
2025-01-05,SKU-006,91,478
2025-01-06,SKU-006,83,395
2025-01-07,SKU-006,81,314
2025-01-08,SKU-006,84,430
2025-01-09,SKU-006,82,348
2025-01-10,SKU-006,79,503
2025-01-11,SKU-006,87,416
2025-01-12,SKU-006,78,338
2025-01-13,SKU-006,73,729
2025-01-14,SKU-006,61,668
2025-01-15,SKU-006,74,594
2025-01-16,SKU-006,66,528
2025-01-17,SKU-006,45,483
2025-01-18,SKU-006,75,408
2025-01-19,SKU-006,79,329
2025-01-20,SKU-006,46,644
2025-01-21,SKU-006,52,592
2025-01-22,SKU-006,53,539
2025-01-23,SKU-006,55,484
2025-01-24,SKU-006,35,449
2025-01-25,SKU-006,52,397
2025-01-26,SKU-006,53,344
2025-01-27,SKU-006,44,891
2025-01-28,SKU-006,48,843
2025-01-29,SKU-006,53,790
2025-01-30,SKU-006,69,721
2025-01-31,SKU-006,65,656
2025-02-01,SKU-006,65,591
2025-02-02,SKU-006,82,509
2025-02-03,SKU-006,84,425
2025-02-04,SKU-006,71,354
2025-02-05,SKU-006,82,503
2025-02-06,SKU-006,71,432
2025-02-07,SKU-006,96,336
2025-02-08,SKU-006,79,510
2025-02-09,SKU-006,90,420
2025-02-10,SKU-006,73,347
2025-02-11,SKU-006,82,517
2025-02-12,SKU-006,65,452
2025-02-13,SKU-006,72,380
2025-02-14,SKU-006,78,692
2025-02-15,SKU-006,68,624
2025-02-16,SKU-006,83,541
2025-02-17,SKU-006,62,479
2025-02-18,SKU-006,61,418
2025-02-19,SKU-006,47,371
2025-02-20,SKU-006,38,333
2025-02-21,SKU-006,55,691
2025-02-22,SKU-006,66,625
2025-02-23,SKU-006,56,569
2025-02-24,SKU-006,51,518
2025-02-25,SKU-006,57,461
2025-02-26,SKU-006,46,415
2025-02-27,SKU-006,50,365
2025-02-28,SKU-006,56,573
2025-03-01,SKU-006,73,500
2025-03-02,SKU-006,66,434
2025-03-03,SKU-006,69,365
2025-03-04,SKU-006,79,823
2025-03-05,SKU-006,72,751
2025-03-06,SKU-006,84,667
2025-03-07,SKU-006,76,591
2025-03-08,SKU-006,96,495
2025-03-09,SKU-006,90,405
2025-03-10,SKU-006,96,824
2025-03-11,SKU-006,91,733
2025-03-12,SKU-006,86,647
2025-03-13,SKU-006,84,563
2025-03-14,SKU-006,84,479
2025-03-15,SKU-006,82,397
2025-03-16,SKU-006,80,317
2025-03-17,SKU-006,60,667
2025-03-18,SKU-006,59,608
2025-03-19,SKU-006,55,553
2025-03-20,SKU-006,57,496
2025-03-21,SKU-006,57,439
2025-03-22,SKU-006,61,378
2025-03-23,SKU-006,38,340
2025-03-24,SKU-006,50,792
2025-03-25,SKU-006,52,740
2025-03-26,SKU-006,44,696
2025-03-27,SKU-006,50,646
2025-03-28,SKU-006,57,589
2025-03-29,SKU-006,49,540
2025-03-30,SKU-006,80,460
2025-03-31,SKU-006,56,404
2025-04-01,SKU-006,77,327
2025-04-02,SKU-006,72,554
2025-04-03,SKU-006,77,477
2025-04-04,SKU-006,83,394
2025-04-05,SKU-006,100,655
2025-04-06,SKU-006,95,560
2025-04-07,SKU-006,79,481
2025-04-08,SKU-006,84,397
2025-04-09,SKU-006,77,320
2025-04-10,SKU-006,78,506
2025-04-11,SKU-006,95,411
2025-04-12,SKU-006,85,326
2025-04-13,SKU-006,90,662
2025-04-14,SKU-006,81,581
2025-04-15,SKU-006,74,507
2025-04-16,SKU-006,68,439
2025-04-17,SKU-006,75,364
2025-04-18,SKU-006,62,514
2025-04-19,SKU-006,62,452
2025-04-20,SKU-006,53,399
2025-04-21,SKU-006,44,355
2025-04-22,SKU-006,50,615
2025-04-23,SKU-006,30,585
2025-04-24,SKU-006,56,529
2025-04-25,SKU-006,50,479
2025-04-26,SKU-006,71,408
2025-04-27,SKU-006,58,350
2025-04-28,SKU-006,69,599
2025-04-29,SKU-006,56,543
2025-04-30,SKU-006,69,474
2025-05-01,SKU-006,73,401
2025-05-02,SKU-006,74,327
2025-05-03,SKU-006,83,726
2025-05-04,SKU-006,80,646
2025-05-05,SKU-006,80,566
2025-05-06,SKU-006,68,498
2025-05-07,SKU-006,71,427
2025-05-08,SKU-006,81,346
2025-05-09,SKU-006,72,697
2025-05-10,SKU-006,100,597
2025-05-11,SKU-006,85,512
2025-05-12,SKU-006,62,450
2025-05-13,SKU-006,79,371
2025-05-14,SKU-006,82,623
2025-05-15,SKU-006,60,563
2025-05-16,SKU-006,70,493
2025-05-17,SKU-006,80,413
2025-05-18,SKU-006,81,332
2025-05-19,SKU-006,60,688
2025-05-20,SKU-006,49,639
2025-05-21,SKU-006,49,590
2025-05-22,SKU-006,55,535
2025-05-23,SKU-006,54,481
2025-05-24,SKU-006,57,424
2025-05-25,SKU-006,82,342
2025-05-26,SKU-006,56,489
2025-05-27,SKU-006,53,436
2025-05-28,SKU-006,63,373
2025-05-29,SKU-006,62,311
2025-05-30,SKU-006,63,506
2025-05-31,SKU-006,73,433
2025-06-01,SKU-006,88,345
2025-06-02,SKU-006,86,484
2025-06-03,SKU-006,74,410
2025-06-04,SKU-006,87,323
2025-06-05,SKU-006,89,784
2025-06-06,SKU-006,84,700
2025-06-07,SKU-006,85,615
2025-06-08,SKU-006,101,514
2025-06-09,SKU-006,88,426
2025-06-10,SKU-006,80,346
2025-06-11,SKU-006,78,514
2025-06-12,SKU-006,63,451
2025-06-13,SKU-006,76,375
2025-06-14,SKU-006,79,777
2025-06-15,SKU-006,72,705
2025-06-16,SKU-006,82,623
2025-06-17,SKU-006,50,573
2025-06-18,SKU-006,61,512
2025-06-19,SKU-006,74,438
2025-06-20,SKU-006,56,382
2025-06-21,SKU-006,63,319
2025-06-22,SKU-006,61,543
2025-06-23,SKU-006,56,487
2025-06-24,SKU-006,67,420
2025-06-25,SKU-006,54,366
2025-06-26,SKU-006,47,319
2025-06-27,SKU-006,69,457
2025-06-28,SKU-006,74,383
2025-06-29,SKU-006,80,658
2025-06-30,SKU-006,72,586
2025-07-01,SKU-006,67,519
2025-07-02,SKU-006,78,441
2025-07-03,SKU-006,78,363
2025-07-04,SKU-006,99,647
2025-07-05,SKU-006,80,567
2025-07-06,SKU-006,98,469
2025-07-07,SKU-006,101,368
2025-07-08,SKU-006,74,804
2025-07-09,SKU-006,78,726
2025-07-10,SKU-006,94,632
2025-07-11,SKU-006,75,557
2025-07-12,SKU-006,102,455
2025-07-13,SKU-006,95,360
2025-07-14,SKU-006,71,840
2025-07-15,SKU-006,62,778
2025-07-16,SKU-006,61,717
2025-07-17,SKU-006,76,641
2025-07-18,SKU-006,59,582
2025-07-19,SKU-006,71,511
2025-07-20,SKU-006,75,436
2025-07-21,SKU-006,59,377
2025-07-22,SKU-006,59,318
2025-07-23,SKU-006,62,710
2025-07-24,SKU-006,39,671
2025-07-25,SKU-006,47,624
2025-07-26,SKU-006,74,550
2025-07-27,SKU-006,78,472
2025-07-28,SKU-006,61,411
2025-07-29,SKU-006,64,347
2025-07-30,SKU-006,73,574
2025-07-31,SKU-006,69,505
2025-08-01,SKU-006,65,440
2025-08-02,SKU-006,118,322
2025-08-03,SKU-006,81,767
2025-08-04,SKU-006,74,693
2025-08-05,SKU-006,73,620
2025-08-06,SKU-006,88,532
2025-08-07,SKU-006,88,444
2025-08-08,SKU-006,87,357
2025-08-09,SKU-006,99,663
2025-08-10,SKU-006,103,560
2025-08-11,SKU-006,65,495
2025-08-12,SKU-006,86,409
2025-08-13,SKU-006,72,337
2025-08-14,SKU-006,75,850
2025-08-15,SKU-006,73,777
2025-08-16,SKU-006,72,705
2025-08-17,SKU-006,78,627
2025-08-18,SKU-006,61,566
2025-08-19,SKU-006,63,503
2025-08-20,SKU-006,73,430
2025-08-21,SKU-006,44,386
2025-08-22,SKU-006,69,317
2025-08-23,SKU-006,68,557
2025-08-24,SKU-006,74,483
2025-08-25,SKU-006,58,425
2025-08-26,SKU-006,74,351
2025-08-27,SKU-006,62,850
2025-08-28,SKU-006,69,781
2025-08-29,SKU-006,80,701
2025-08-30,SKU-006,80,621
2025-08-31,SKU-006,82,539
2025-09-01,SKU-006,87,452
2025-09-02,SKU-006,71,381
2025-09-03,SKU-006,86,818
2025-09-04,SKU-006,84,734
2025-09-05,SKU-006,93,641
2025-09-06,SKU-006,95,546
2025-09-07,SKU-006,90,456
2025-09-08,SKU-006,85,371
2025-09-09,SKU-006,91,503
2025-09-10,SKU-006,87,416
2025-09-11,SKU-006,71,345
2025-09-12,SKU-006,79,646
2025-09-13,SKU-006,78,568
2025-09-14,SKU-006,66,502
2025-09-15,SKU-006,72,430
2025-09-16,SKU-006,43,387
2025-09-17,SKU-006,55,332
2025-09-18,SKU-006,51,797
2025-09-19,SKU-006,66,731
2025-09-20,SKU-006,66,665
2025-09-21,SKU-006,76,589
2025-09-22,SKU-006,51,538
2025-09-23,SKU-006,51,487
2025-09-24,SKU-006,76,411
2025-09-25,SKU-006,69,342
2025-09-26,SKU-006,78,493
2025-09-27,SKU-006,89,404
2025-09-28,SKU-006,75,329
2025-09-29,SKU-006,73,837
2025-09-30,SKU-006,83,754
2025-10-01,SKU-006,71,683
2025-10-02,SKU-006,81,602
2025-10-03,SKU-006,89,513
2025-10-04,SKU-006,111,402
2025-10-05,SKU-006,96,792
2025-10-06,SKU-006,81,711
2025-10-07,SKU-006,89,622
2025-10-08,SKU-006,73,549
2025-10-09,SKU-006,91,458
2025-10-10,SKU-006,72,386
2025-10-11,SKU-006,72,314
2025-10-12,SKU-006,85,476
2025-10-13,SKU-006,82,394
2025-10-14,SKU-006,63,331
2025-10-15,SKU-006,64,787
2025-10-16,SKU-006,67,720
2025-10-17,SKU-006,56,664
2025-10-18,SKU-006,75,589
2025-10-19,SKU-006,69,520
2025-10-20,SKU-006,62,458
2025-10-21,SKU-006,56,402
2025-10-22,SKU-006,56,346
2025-10-23,SKU-006,57,739
2025-10-24,SKU-006,70,669
2025-10-25,SKU-006,80,589
2025-10-26,SKU-006,69,520
2025-10-27,SKU-006,77,443
2025-10-28,SKU-006,83,360
2025-10-29,SKU-006,91,805
2025-10-30,SKU-006,64,741
2025-10-31,SKU-006,75,666
2025-11-01,SKU-006,93,573
2025-11-02,SKU-006,104,469
2025-11-03,SKU-006,96,373
2025-11-04,SKU-006,88,856
2025-11-05,SKU-006,90,766
2025-11-06,SKU-006,92,674
2025-11-07,SKU-006,86,588
2025-11-08,SKU-006,105,483
2025-11-09,SKU-006,97,386
2025-11-10,SKU-006,82,842
2025-11-11,SKU-006,71,771
2025-11-12,SKU-006,77,694
2025-11-13,SKU-006,86,608
2025-11-14,SKU-006,50,558
2025-11-15,SKU-006,87,471
2025-11-16,SKU-006,72,399
2025-11-17,SKU-006,46,353
2025-11-18,SKU-006,64,577
2025-11-19,SKU-006,57,520
2025-11-20,SKU-006,56,464
2025-11-21,SKU-006,54,410
2025-11-22,SKU-006,77,333
2025-11-23,SKU-006,71,832
2025-11-24,SKU-006,60,772
2025-11-25,SKU-006,69,703
2025-11-26,SKU-006,76,627
2025-11-27,SKU-006,74,553
2025-11-28,SKU-006,68,485
2025-11-29,SKU-006,97,388
2025-11-30,SKU-006,92,507
2025-12-01,SKU-006,84,423
2025-12-02,SKU-006,81,342
2025-12-03,SKU-006,82,742
2025-12-04,SKU-006,97,645
2025-12-05,SKU-006,90,555
2025-12-06,SKU-006,109,446
2025-12-07,SKU-006,98,348
2025-12-08,SKU-006,76,504
2025-12-09,SKU-006,90,414
2025-12-10,SKU-006,78,336
2025-12-11,SKU-006,66,488
2025-12-12,SKU-006,72,416
2025-12-13,SKU-006,85,331
2025-12-14,SKU-006,76,743
2025-12-15,SKU-006,57,686
2025-12-16,SKU-006,76,610
2025-12-17,SKU-006,72,538
2025-12-18,SKU-006,52,486
2025-12-19,SKU-006,65,421
2025-12-20,SKU-006,83,338
2025-12-21,SKU-006,68,717
2025-12-22,SKU-006,63,654
2025-12-23,SKU-006,63,591
2025-12-24,SKU-006,71,520
2025-12-25,SKU-006,71,449
2025-12-26,SKU-006,63,386
2025-12-27,SKU-006,89,715
2025-12-28,SKU-006,84,631
2025-12-29,SKU-006,83,548
2025-12-30,SKU-006,89,459
2025-12-31,SKU-006,108,351
2025-01-01,SKU-007,47,1038
2025-01-02,SKU-007,60,978
2025-01-03,SKU-007,49,929
2025-01-04,SKU-007,73,856
2025-01-05,SKU-007,86,770
2025-01-06,SKU-007,58,712
2025-01-07,SKU-007,57,655
2025-01-08,SKU-007,64,591
2025-01-09,SKU-007,81,510
2025-01-10,SKU-007,70,440
2025-01-11,SKU-007,66,374
2025-01-12,SKU-007,84,290
2025-01-13,SKU-007,47,794
2025-01-14,SKU-007,75,719
2025-01-15,SKU-007,44,675
2025-01-16,SKU-007,61,614
2025-01-17,SKU-007,57,557
2025-01-18,SKU-007,47,510
2025-01-19,SKU-007,56,454
2025-01-20,SKU-007,48,406
2025-01-21,SKU-007,58,348
2025-01-22,SKU-007,50,298
2025-01-23,SKU-007,36,830
2025-01-24,SKU-007,57,773
2025-01-25,SKU-007,59,714
2025-01-26,SKU-007,53,661
2025-01-27,SKU-007,52,609
2025-01-28,SKU-007,48,561
2025-01-29,SKU-007,55,506
2025-01-30,SKU-007,45,461
2025-01-31,SKU-007,65,396
2025-02-01,SKU-007,72,324
2025-02-02,SKU-007,74,779
2025-02-03,SKU-007,51,728
2025-02-04,SKU-007,62,666
2025-02-05,SKU-007,62,604
2025-02-06,SKU-007,66,538
2025-02-07,SKU-007,62,476
2025-02-08,SKU-007,74,402
2025-02-09,SKU-007,81,321
2025-02-10,SKU-007,60,533
2025-02-11,SKU-007,49,484
2025-02-12,SKU-007,62,422
2025-02-13,SKU-007,46,376
2025-02-14,SKU-007,66,310
2025-02-15,SKU-007,72,605
2025-02-16,SKU-007,70,535
2025-02-17,SKU-007,54,481
2025-02-18,SKU-007,47,434
2025-02-19,SKU-007,44,390
2025-02-20,SKU-007,43,347
2025-02-21,SKU-007,49,298
2025-02-22,SKU-007,42,616
2025-02-23,SKU-007,50,566
2025-02-24,SKU-007,39,527
2025-02-25,SKU-007,47,480
2025-02-26,SKU-007,50,430
2025-02-27,SKU-007,51,379
2025-02-28,SKU-007,50,329
2025-03-01,SKU-007,68,634
2025-03-02,SKU-007,67,567
2025-03-03,SKU-007,36,531
2025-03-04,SKU-007,66,465
2025-03-05,SKU-007,54,411
2025-03-06,SKU-007,51,360
2025-03-07,SKU-007,61,299
2025-03-08,SKU-007,69,713
2025-03-09,SKU-007,83,630
2025-03-10,SKU-007,73,557
2025-03-11,SKU-007,62,495
2025-03-12,SKU-007,72,423
2025-03-13,SKU-007,65,358
2025-03-14,SKU-007,86,272
2025-03-15,SKU-007,68,510
2025-03-16,SKU-007,62,448
2025-03-17,SKU-007,61,387
2025-03-18,SKU-007,49,338
2025-03-19,SKU-007,49,289
2025-03-20,SKU-007,48,501
2025-03-21,SKU-007,31,470
2025-03-22,SKU-007,51,419
2025-03-23,SKU-007,53,366
2025-03-24,SKU-007,38,328
2025-03-25,SKU-007,36,292
2025-03-26,SKU-007,50,782
2025-03-27,SKU-007,43,739
2025-03-28,SKU-007,50,689
2025-03-29,SKU-007,49,640
2025-03-30,SKU-007,61,579
2025-03-31,SKU-007,53,526
2025-04-01,SKU-007,48,478
2025-04-02,SKU-007,59,419
2025-04-03,SKU-007,50,369
2025-04-04,SKU-007,51,318
2025-04-05,SKU-007,73,467
2025-04-06,SKU-007,60,407
2025-04-07,SKU-007,71,336
2025-04-08,SKU-007,58,278
2025-04-09,SKU-007,61,471
2025-04-10,SKU-007,69,402
2025-04-11,SKU-007,62,340
2025-04-12,SKU-007,74,642
2025-04-13,SKU-007,76,566
2025-04-14,SKU-007,58,508
2025-04-15,SKU-007,65,443
2025-04-16,SKU-007,37,406
2025-04-17,SKU-007,40,366
2025-04-18,SKU-007,50,316
2025-04-19,SKU-007,61,530
2025-04-20,SKU-007,63,467
2025-04-21,SKU-007,48,419
2025-04-22,SKU-007,48,371
2025-04-23,SKU-007,60,311
2025-04-24,SKU-007,34,277
2025-04-25,SKU-007,47,570
2025-04-26,SKU-007,47,523
2025-04-27,SKU-007,50,473
2025-04-28,SKU-007,59,414
2025-04-29,SKU-007,27,387
2025-04-30,SKU-007,48,339
2025-05-01,SKU-007,59,280
2025-05-02,SKU-007,59,554
2025-05-03,SKU-007,63,491
2025-05-04,SKU-007,78,413
2025-05-05,SKU-007,45,368
2025-05-06,SKU-007,68,300
2025-05-07,SKU-007,77,544
2025-05-08,SKU-007,60,484
2025-05-09,SKU-007,58,426
2025-05-10,SKU-007,72,354
2025-05-11,SKU-007,74,280
2025-05-12,SKU-007,50,457
2025-05-13,SKU-007,53,404
2025-05-14,SKU-007,54,350
2025-05-15,SKU-007,50,300
2025-05-16,SKU-007,47,570
2025-05-17,SKU-007,70,500
2025-05-18,SKU-007,76,424
2025-05-19,SKU-007,35,389
2025-05-20,SKU-007,31,358
2025-05-21,SKU-007,59,299
2025-05-22,SKU-007,47,626
2025-05-23,SKU-007,37,589
2025-05-24,SKU-007,58,531
2025-05-25,SKU-007,58,473
2025-05-26,SKU-007,29,444
2025-05-27,SKU-007,43,401
2025-05-28,SKU-007,48,353
2025-05-29,SKU-007,51,302
2025-05-30,SKU-007,54,692
2025-05-31,SKU-007,61,631
2025-06-01,SKU-007,60,571
2025-06-02,SKU-007,62,509
2025-06-03,SKU-007,54,455
2025-06-04,SKU-007,58,397
2025-06-05,SKU-007,53,344
2025-06-06,SKU-007,63,281
2025-06-07,SKU-007,76,709
2025-06-08,SKU-007,83,626
2025-06-09,SKU-007,67,559
2025-06-10,SKU-007,56,503
2025-06-11,SKU-007,75,428
2025-06-12,SKU-007,58,370
2025-06-13,SKU-007,61,309
2025-06-14,SKU-007,71,747
2025-06-15,SKU-007,67,680
2025-06-16,SKU-007,54,626
2025-06-17,SKU-007,63,563
2025-06-18,SKU-007,50,513
2025-06-19,SKU-007,49,464
2025-06-20,SKU-007,44,420
2025-06-21,SKU-007,63,357
2025-06-22,SKU-007,62,295
2025-06-23,SKU-007,38,662
2025-06-24,SKU-007,54,608
2025-06-25,SKU-007,45,563
2025-06-26,SKU-007,42,521
2025-06-27,SKU-007,27,494
2025-06-28,SKU-007,59,435
2025-06-29,SKU-007,60,375
2025-06-30,SKU-007,47,328
2025-07-01,SKU-007,51,277
2025-07-02,SKU-007,58,657
2025-07-03,SKU-007,55,602
2025-07-04,SKU-007,66,536
2025-07-05,SKU-007,73,463
2025-07-06,SKU-007,76,387
2025-07-07,SKU-007,60,327
2025-07-08,SKU-007,63,508
2025-07-09,SKU-007,59,449
2025-07-10,SKU-007,57,392
2025-07-11,SKU-007,61,331
2025-07-12,SKU-007,76,516
2025-07-13,SKU-007,80,436
2025-07-14,SKU-007,44,392
2025-07-15,SKU-007,43,349
2025-07-16,SKU-007,50,299
2025-07-17,SKU-007,46,548
2025-07-18,SKU-007,46,502
2025-07-19,SKU-007,73,429
2025-07-20,SKU-007,57,372
2025-07-21,SKU-007,56,316
2025-07-22,SKU-007,54,779
2025-07-23,SKU-007,46,733
2025-07-24,SKU-007,44,689
2025-07-25,SKU-007,56,633
2025-07-26,SKU-007,59,574
2025-07-27,SKU-007,51,523
2025-07-28,SKU-007,61,462
2025-07-29,SKU-007,57,405
2025-07-30,SKU-007,50,355
2025-07-31,SKU-007,52,303
2025-08-01,SKU-007,60,842
2025-08-02,SKU-007,74,768
2025-08-03,SKU-007,76,692
2025-08-04,SKU-007,75,617
2025-08-05,SKU-007,70,547
2025-08-06,SKU-007,67,480
2025-08-07,SKU-007,79,401
2025-08-08,SKU-007,73,328
2025-08-09,SKU-007,72,724
2025-08-10,SKU-007,62,662
2025-08-11,SKU-007,54,608
2025-08-12,SKU-007,70,538
2025-08-13,SKU-007,46,492
2025-08-14,SKU-007,57,435
2025-08-15,SKU-007,60,375
2025-08-16,SKU-007,62,313
2025-08-17,SKU-007,61,846
2025-08-18,SKU-007,51,795
2025-08-19,SKU-007,37,758
2025-08-20,SKU-007,56,702
2025-08-21,SKU-007,47,655
2025-08-22,SKU-007,51,604
2025-08-23,SKU-007,48,556
2025-08-24,SKU-007,61,495
2025-08-25,SKU-007,37,458
2025-08-26,SKU-007,55,403
2025-08-27,SKU-007,51,352
2025-08-28,SKU-007,56,296
2025-08-29,SKU-007,44,607
2025-08-30,SKU-007,59,548
2025-08-31,SKU-007,54,494
2025-09-01,SKU-007,58,436
2025-09-02,SKU-007,70,366
2025-09-03,SKU-007,67,299
2025-09-04,SKU-007,63,810
2025-09-05,SKU-007,75,735
2025-09-06,SKU-007,67,668
2025-09-07,SKU-007,85,583
2025-09-08,SKU-007,59,524
2025-09-09,SKU-007,61,463
2025-09-10,SKU-007,57,406
2025-09-11,SKU-007,62,344
2025-09-12,SKU-007,52,292
2025-09-13,SKU-007,64,605
2025-09-14,SKU-007,59,546
2025-09-15,SKU-007,61,485
2025-09-16,SKU-007,48,437
2025-09-17,SKU-007,34,403
2025-09-18,SKU-007,41,362
2025-09-19,SKU-007,57,305
2025-09-20,SKU-007,48,720
2025-09-21,SKU-007,55,665
2025-09-22,SKU-007,47,618
2025-09-23,SKU-007,32,586
2025-09-24,SKU-007,52,534
2025-09-25,SKU-007,52,482
2025-09-26,SKU-007,41,441
2025-09-27,SKU-007,59,382
2025-09-28,SKU-007,63,319
2025-09-29,SKU-007,55,767
2025-09-30,SKU-007,50,717
2025-10-01,SKU-007,69,648
2025-10-02,SKU-007,62,586
2025-10-03,SKU-007,54,532
2025-10-04,SKU-007,60,472
2025-10-05,SKU-007,62,410
2025-10-06,SKU-007,59,351
2025-10-07,SKU-007,63,288
2025-10-08,SKU-007,74,487
2025-10-09,SKU-007,68,419
2025-10-10,SKU-007,62,357
2025-10-11,SKU-007,59,298
2025-10-12,SKU-007,74,562
2025-10-13,SKU-007,55,507
2025-10-14,SKU-007,50,457
2025-10-15,SKU-007,54,403
2025-10-16,SKU-007,36,367
2025-10-17,SKU-007,47,320
2025-10-18,SKU-007,63,622
2025-10-19,SKU-007,58,564
2025-10-20,SKU-007,38,526
2025-10-21,SKU-007,44,482
2025-10-22,SKU-007,59,423
2025-10-23,SKU-007,40,383
2025-10-24,SKU-007,37,346
2025-10-25,SKU-007,69,277
2025-10-26,SKU-007,75,746
2025-10-27,SKU-007,51,695
2025-10-28,SKU-007,43,652
2025-10-29,SKU-007,63,589
2025-10-30,SKU-007,61,528
2025-10-31,SKU-007,52,476
2025-11-01,SKU-007,62,414
2025-11-02,SKU-007,76,338
2025-11-03,SKU-007,61,277
2025-11-04,SKU-007,79,606
2025-11-05,SKU-007,62,544
2025-11-06,SKU-007,67,477
2025-11-07,SKU-007,75,402
2025-11-08,SKU-007,78,324
2025-11-09,SKU-007,73,672
2025-11-10,SKU-007,62,610
2025-11-11,SKU-007,58,552
2025-11-12,SKU-007,59,493
2025-11-13,SKU-007,61,432
2025-11-14,SKU-007,52,380
2025-11-15,SKU-007,52,328
2025-11-16,SKU-007,57,271
2025-11-17,SKU-007,41,728
2025-11-18,SKU-007,45,683
2025-11-19,SKU-007,36,647
2025-11-20,SKU-007,42,605
2025-11-21,SKU-007,51,554
2025-11-22,SKU-007,56,498
2025-11-23,SKU-007,58,440
2025-11-24,SKU-007,54,386
2025-11-25,SKU-007,53,333
2025-11-26,SKU-007,49,284
2025-11-27,SKU-007,52,612
2025-11-28,SKU-007,58,554
2025-11-29,SKU-007,70,484
2025-11-30,SKU-007,71,413
2025-12-01,SKU-007,60,353
2025-12-02,SKU-007,60,293
2025-12-03,SKU-007,69,646
2025-12-04,SKU-007,56,590
2025-12-05,SKU-007,64,526
2025-12-06,SKU-007,77,449
2025-12-07,SKU-007,69,380
2025-12-08,SKU-007,60,320
2025-12-09,SKU-007,58,532
2025-12-10,SKU-007,52,480
2025-12-11,SKU-007,51,429
2025-12-12,SKU-007,48,381
2025-12-13,SKU-007,48,333
2025-12-14,SKU-007,57,276
2025-12-15,SKU-007,34,801
2025-12-16,SKU-007,42,759
2025-12-17,SKU-007,49,710
2025-12-18,SKU-007,34,676
2025-12-19,SKU-007,39,637
2025-12-20,SKU-007,62,575
2025-12-21,SKU-007,43,532
2025-12-22,SKU-007,36,496
2025-12-23,SKU-007,47,449
2025-12-24,SKU-007,50,399
2025-12-25,SKU-007,45,354
2025-12-26,SKU-007,49,305
2025-12-27,SKU-007,68,738
2025-12-28,SKU-007,73,665
2025-12-29,SKU-007,55,610
2025-12-30,SKU-007,62,548
2025-12-31,SKU-007,63,485
2025-01-01,SKU-008,65,880
2025-01-02,SKU-008,44,836
2025-01-03,SKU-008,56,780
2025-01-04,SKU-008,59,721
2025-01-05,SKU-008,62,659
2025-01-06,SKU-008,44,615
2025-01-07,SKU-008,61,554
2025-01-08,SKU-008,44,510
2025-01-09,SKU-008,50,460
2025-01-10,SKU-008,58,402
2025-01-11,SKU-008,46,356
2025-01-12,SKU-008,62,294
2025-01-13,SKU-008,41,253
2025-01-14,SKU-008,48,737
2025-01-15,SKU-008,43,694
2025-01-16,SKU-008,43,651
2025-01-17,SKU-008,55,596
2025-01-18,SKU-008,59,537
2025-01-19,SKU-008,47,490
2025-01-20,SKU-008,43,447
2025-01-21,SKU-008,31,416
2025-01-22,SKU-008,20,396
2025-01-23,SKU-008,26,370
2025-01-24,SKU-008,46,324
2025-01-25,SKU-008,41,283
2025-01-26,SKU-008,43,240
2025-01-27,SKU-008,33,743
2025-01-28,SKU-008,38,705
2025-01-29,SKU-008,50,655
2025-01-30,SKU-008,42,613
2025-01-31,SKU-008,58,555
2025-02-01,SKU-008,54,501
2025-02-02,SKU-008,66,435
2025-02-03,SKU-008,43,392
2025-02-04,SKU-008,59,333
2025-02-05,SKU-008,55,278
2025-02-06,SKU-008,52,226
2025-02-07,SKU-008,34,599
2025-02-08,SKU-008,62,537
2025-02-09,SKU-008,67,470
2025-02-10,SKU-008,51,419
2025-02-11,SKU-008,52,367
2025-02-12,SKU-008,54,313
2025-02-13,SKU-008,45,268
2025-02-14,SKU-008,38,230
2025-02-15,SKU-008,50,566
2025-02-16,SKU-008,61,505
2025-02-17,SKU-008,50,455
2025-02-18,SKU-008,31,424
2025-02-19,SKU-008,22,402
2025-02-20,SKU-008,42,360
2025-02-21,SKU-008,35,325
2025-02-22,SKU-008,30,295
2025-02-23,SKU-008,64,231
2025-02-24,SKU-008,39,779
2025-02-25,SKU-008,40,739
2025-02-26,SKU-008,46,693
2025-02-27,SKU-008,33,660
2025-02-28,SKU-008,44,616
2025-03-01,SKU-008,36,580
2025-03-02,SKU-008,50,530
2025-03-03,SKU-008,46,484
2025-03-04,SKU-008,41,443
2025-03-05,SKU-008,43,400
2025-03-06,SKU-008,47,353
2025-03-07,SKU-008,56,297
2025-03-08,SKU-008,63,234
2025-03-09,SKU-008,47,575
2025-03-10,SKU-008,38,537
2025-03-11,SKU-008,54,483
2025-03-12,SKU-008,44,439
2025-03-13,SKU-008,68,371
2025-03-14,SKU-008,40,331
2025-03-15,SKU-008,68,263
2025-03-16,SKU-008,54,677
2025-03-17,SKU-008,54,623
2025-03-18,SKU-008,49,574
2025-03-19,SKU-008,42,532
2025-03-20,SKU-008,35,497
2025-03-21,SKU-008,43,454
2025-03-22,SKU-008,37,417
2025-03-23,SKU-008,57,360
2025-03-24,SKU-008,33,327
2025-03-25,SKU-008,37,290
2025-03-26,SKU-008,28,262
2025-03-27,SKU-008,42,220
2025-03-28,SKU-008,34,522
2025-03-29,SKU-008,47,475
2025-03-30,SKU-008,53,422
2025-03-31,SKU-008,43,379
2025-04-01,SKU-008,42,337
2025-04-02,SKU-008,43,294
2025-04-03,SKU-008,52,242
2025-04-04,SKU-008,39,592
2025-04-05,SKU-008,69,523
2025-04-06,SKU-008,71,452
2025-04-07,SKU-008,68,384
2025-04-08,SKU-008,71,313
2025-04-09,SKU-008,63,250
2025-04-10,SKU-008,58,604
2025-04-11,SKU-008,43,561
2025-04-12,SKU-008,69,492
2025-04-13,SKU-008,62,430
2025-04-14,SKU-008,45,385
2025-04-15,SKU-008,46,339
2025-04-16,SKU-008,58,281
2025-04-17,SKU-008,44,237
2025-04-18,SKU-008,36,705
2025-04-19,SKU-008,40,665
2025-04-20,SKU-008,38,627
2025-04-21,SKU-008,29,598
2025-04-22,SKU-008,37,561
2025-04-23,SKU-008,32,529
2025-04-24,SKU-008,49,480
2025-04-25,SKU-008,44,436
2025-04-26,SKU-008,42,394
2025-04-27,SKU-008,41,353
2025-04-28,SKU-008,51,302
2025-04-29,SKU-008,55,247
2025-04-30,SKU-008,26,221
2025-05-01,SKU-008,47,550
2025-05-02,SKU-008,55,495
2025-05-03,SKU-008,72,423
2025-05-04,SKU-008,57,366
2025-05-05,SKU-008,52,314
2025-05-06,SKU-008,42,272
2025-05-07,SKU-008,53,219
2025-05-08,SKU-008,64,562
2025-05-09,SKU-008,53,509
2025-05-10,SKU-008,55,454
2025-05-11,SKU-008,63,391
2025-05-12,SKU-008,50,341
2025-05-13,SKU-008,47,294
2025-05-14,SKU-008,42,252
2025-05-15,SKU-008,56,770
2025-05-16,SKU-008,46,724
2025-05-17,SKU-008,58,666
2025-05-18,SKU-008,39,627
2025-05-19,SKU-008,40,587
2025-05-20,SKU-008,55,532
2025-05-21,SKU-008,34,498
2025-05-22,SKU-008,43,455
2025-05-23,SKU-008,42,413
2025-05-24,SKU-008,53,360
2025-05-25,SKU-008,48,312
2025-05-26,SKU-008,42,270
2025-05-27,SKU-008,44,226
2025-05-28,SKU-008,45,662
2025-05-29,SKU-008,33,629
2025-05-30,SKU-008,50,579
2025-05-31,SKU-008,60,519
2025-06-01,SKU-008,69,450
2025-06-02,SKU-008,45,405
2025-06-03,SKU-008,44,361
2025-06-04,SKU-008,46,315
2025-06-05,SKU-008,55,260
2025-06-06,SKU-008,49,476
2025-06-07,SKU-008,63,413
2025-06-08,SKU-008,59,354
2025-06-09,SKU-008,67,287
2025-06-10,SKU-008,54,233
2025-06-11,SKU-008,57,747
2025-06-12,SKU-008,48,699
2025-06-13,SKU-008,51,648
2025-06-14,SKU-008,44,604
2025-06-15,SKU-008,63,541
2025-06-16,SKU-008,32,509
2025-06-17,SKU-008,33,476
2025-06-18,SKU-008,39,437
2025-06-19,SKU-008,40,397
2025-06-20,SKU-008,30,367
2025-06-21,SKU-008,45,322
2025-06-22,SKU-008,52,270
2025-06-23,SKU-008,43,227
2025-06-24,SKU-008,47,397
2025-06-25,SKU-008,53,344
2025-06-26,SKU-008,41,303
2025-06-27,SKU-008,52,251
2025-06-28,SKU-008,37,593
2025-06-29,SKU-008,54,539
2025-06-30,SKU-008,48,491
2025-07-01,SKU-008,40,451
2025-07-02,SKU-008,71,380
2025-07-03,SKU-008,66,314
2025-07-04,SKU-008,60,254
2025-07-05,SKU-008,67,494
2025-07-06,SKU-008,66,428
2025-07-07,SKU-008,44,384
2025-07-08,SKU-008,63,321
2025-07-09,SKU-008,57,264
2025-07-10,SKU-008,60,565
2025-07-11,SKU-008,52,513
2025-07-12,SKU-008,79,434
2025-07-13,SKU-008,66,368
2025-07-14,SKU-008,39,329
2025-07-15,SKU-008,52,277
2025-07-16,SKU-008,33,244
2025-07-17,SKU-008,52,600
2025-07-18,SKU-008,38,562
2025-07-19,SKU-008,46,516
2025-07-20,SKU-008,52,464
2025-07-21,SKU-008,38,426
2025-07-22,SKU-008,32,394
2025-07-23,SKU-008,40,354
2025-07-24,SKU-008,36,318
2025-07-25,SKU-008,44,274
2025-07-26,SKU-008,48,226
2025-07-27,SKU-008,41,456
2025-07-28,SKU-008,46,410
2025-07-29,SKU-008,50,360
2025-07-30,SKU-008,52,308
2025-07-31,SKU-008,44,264
2025-08-01,SKU-008,34,230
2025-08-02,SKU-008,67,368
2025-08-03,SKU-008,64,304
2025-08-04,SKU-008,53,251
2025-08-05,SKU-008,60,607
2025-08-06,SKU-008,64,543
2025-08-07,SKU-008,60,483
2025-08-08,SKU-008,49,434
2025-08-09,SKU-008,61,373
2025-08-10,SKU-008,76,297
2025-08-11,SKU-008,67,230
2025-08-12,SKU-008,57,385
2025-08-13,SKU-008,49,336
2025-08-14,SKU-008,43,293
2025-08-15,SKU-008,40,253
2025-08-16,SKU-008,67,624
2025-08-17,SKU-008,53,571
2025-08-18,SKU-008,36,535
2025-08-19,SKU-008,41,494
2025-08-20,SKU-008,44,450
2025-08-21,SKU-008,22,428
2025-08-22,SKU-008,47,381
2025-08-23,SKU-008,46,335
2025-08-24,SKU-008,53,282
2025-08-25,SKU-008,50,232
2025-08-26,SKU-008,31,465
2025-08-27,SKU-008,39,426
2025-08-28,SKU-008,59,367
2025-08-29,SKU-008,46,321
2025-08-30,SKU-008,80,241
2025-08-31,SKU-008,79,729
2025-09-01,SKU-008,49,680
2025-09-02,SKU-008,49,631
2025-09-03,SKU-008,54,577
2025-09-04,SKU-008,59,518
2025-09-05,SKU-008,60,458
2025-09-06,SKU-008,57,401
2025-09-07,SKU-008,65,336
2025-09-08,SKU-008,60,276
2025-09-09,SKU-008,50,226
2025-09-10,SKU-008,46,643
2025-09-11,SKU-008,53,590
2025-09-12,SKU-008,46,544
2025-09-13,SKU-008,47,497
2025-09-14,SKU-008,49,448
2025-09-15,SKU-008,41,407
2025-09-16,SKU-008,41,366
2025-09-17,SKU-008,40,326
2025-09-18,SKU-008,39,287
2025-09-19,SKU-008,35,252
2025-09-20,SKU-008,60,489
2025-09-21,SKU-008,46,443
2025-09-22,SKU-008,41,402
2025-09-23,SKU-008,41,361
2025-09-24,SKU-008,52,309
2025-09-25,SKU-008,41,268
2025-09-26,SKU-008,54,417
2025-09-27,SKU-008,57,360
2025-09-28,SKU-008,72,288
2025-09-29,SKU-008,39,249
2025-09-30,SKU-008,50,776
2025-10-01,SKU-008,40,736
2025-10-02,SKU-008,58,678
2025-10-03,SKU-008,44,634
2025-10-04,SKU-008,76,558
2025-10-05,SKU-008,69,489
2025-10-06,SKU-008,63,426
2025-10-07,SKU-008,53,373
2025-10-08,SKU-008,69,304
2025-10-09,SKU-008,66,238
2025-10-10,SKU-008,61,398
2025-10-11,SKU-008,61,337
2025-10-12,SKU-008,54,283
2025-10-13,SKU-008,43,240
2025-10-14,SKU-008,65,377
2025-10-15,SKU-008,27,350
2025-10-16,SKU-008,33,317
2025-10-17,SKU-008,34,283
2025-10-18,SKU-008,46,237
2025-10-19,SKU-008,49,602
2025-10-20,SKU-008,18,584
2025-10-21,SKU-008,30,554
2025-10-22,SKU-008,38,516
2025-10-23,SKU-008,39,477
2025-10-24,SKU-008,33,444
2025-10-25,SKU-008,57,387
2025-10-26,SKU-008,58,329
2025-10-27,SKU-008,46,283
2025-10-28,SKU-008,44,239
2025-10-29,SKU-008,61,603
2025-10-30,SKU-008,68,535
2025-10-31,SKU-008,56,479
2025-11-01,SKU-008,67,412
2025-11-02,SKU-008,61,351
2025-11-03,SKU-008,53,298
2025-11-04,SKU-008,53,245
2025-11-05,SKU-008,53,512
2025-11-06,SKU-008,56,456
2025-11-07,SKU-008,59,397
2025-11-08,SKU-008,69,328
2025-11-09,SKU-008,62,266
2025-11-10,SKU-008,52,759
2025-11-11,SKU-008,52,707
2025-11-12,SKU-008,42,665
2025-11-13,SKU-008,42,623
2025-11-14,SKU-008,38,585
2025-11-15,SKU-008,66,519
2025-11-16,SKU-008,52,467
2025-11-17,SKU-008,42,425
2025-11-18,SKU-008,41,384
2025-11-19,SKU-008,34,350
2025-11-20,SKU-008,53,297
2025-11-21,SKU-008,44,253
2025-11-22,SKU-008,52,463
2025-11-23,SKU-008,44,419
2025-11-24,SKU-008,44,375
2025-11-25,SKU-008,42,333
2025-11-26,SKU-008,52,281
2025-11-27,SKU-008,55,226
2025-11-28,SKU-008,47,386
2025-11-29,SKU-008,59,327
2025-11-30,SKU-008,51,276
2025-12-01,SKU-008,54,222
2025-12-02,SKU-008,65,536
2025-12-03,SKU-008,55,481
2025-12-04,SKU-008,38,443
2025-12-05,SKU-008,58,385
2025-12-06,SKU-008,63,322
2025-12-07,SKU-008,57,265
2025-12-08,SKU-008,49,216
2025-12-09,SKU-008,58,463
2025-12-10,SKU-008,50,413
2025-12-11,SKU-008,46,367
2025-12-12,SKU-008,52,315
2025-12-13,SKU-008,66,249
2025-12-14,SKU-008,50,784
2025-12-15,SKU-008,55,729
2025-12-16,SKU-008,57,672
2025-12-17,SKU-008,35,637
2025-12-18,SKU-008,54,583
2025-12-19,SKU-008,34,549
2025-12-20,SKU-008,55,494
2025-12-21,SKU-008,42,452
2025-12-22,SKU-008,47,405
2025-12-23,SKU-008,41,364
2025-12-24,SKU-008,43,321
2025-12-25,SKU-008,52,269
2025-12-26,SKU-008,46,223
2025-12-27,SKU-008,50,442
2025-12-28,SKU-008,66,376
2025-12-29,SKU-008,59,317
2025-12-30,SKU-008,59,258
2025-12-31,SKU-008,50,457
